,source_id,ra,ra_error,dec,teff_val,radius_val,HIP_name,target_ra,target_dec,target_parallax,target_pm_ra,target_pm_dec,target_radial_velocity,epoch,target_distance
0,2441630500517079808,1.6764641244063048,0.0998050683945291,-7.546212317389292,3314.0,,None,1.6799884556237503,-7.538062297491111,206.2134,-811.48,-1892.905,-33.7,2000.0,9.80454475460514e-07
1,5164707970261630080,53.22843060109699,0.3824336044821629,-9.458171515191356,4975.0,0.8306641,HIP16537,53.2326873475,-9.458258656944444,310.94,-975.17,19.49,16.376,2000.0,3.2578242370733786e-06
2,3117120863523946368,97.35069832372696,0.9055547995614376,-2.8170137783457982,4293.077,,HIP30920,97.3474646563496,-2.813556641950277,242.9659,750.14,-802.947,16.7,2000.0,3.037641186302568e-07
3,2358524597030794112,18.13307924122228,0.0596174871808219,-16.99624342179342,3296.5,,HIP5643,18.127653225566668,-16.998989253802776,269.3628,1205.176,637.758,28.09,2000.0,7.232720553421148e-07
4,4330690742322011520,247.57482757269088,0.0583838844353566,-12.667686637687495,3727.36,,HIP80824,247.57524250445124,-12.66258978755222,232.2095,-94.027,-1183.784,-21.216,2000.0,3.972463236306021e-07
5,5140693571158739712,24.771210452138845,0.2244810193168529,-17.9477628246832,3295.75,,None,24.75573556536916,-17.95066647145611,369.9318,3385.827,532.04,0.0,2000.0,0.0006290065175455624
6,5140693571158739840,24.771059358018583,0.2086091353594454,-17.94837634531903,3336.5,,None,24.75573556536916,-17.95066647145611,369.9318,3385.827,532.04,0.0,2000.0,1.2169190746884865e-06
7,5140693777316511360,24.77069299811781,46.12573747833533,-17.94810680867092,,,None,24.75573556536916,-17.95066647145611,369.9318,3385.827,532.04,0.0,2000.0,0.0004397117941806448
8,1637645127018395776,264.10417311195084,0.0337002943767456,68.33367405672519,3825.53,,HIP86162,264.1079132082267,68.3391400377617,219.7807,-320.636,-1269.528,-28.759,2000.0,6.602499647674717e-07
9,4468557611977674496,271.3658656798784,0.2166877167778837,2.494347133667221,4442.5,0.6785651,None,271.3644259513537,2.4989509975222224,195.2166,334.071,-1069.285,-10.0,2000.0,1.511342429045741e-07
10,1872046574983507456,316.7477375941723,0.073038114813398,38.763411107191175,4327.0,0.72014487,HIP104214,316.7247483752822,38.7494158400991,285.9459,4164.174,3249.991,-65.82,2000.0,8.871830776309608e-06
11,76868614540049408,30.058830665676748,0.0812531122512102,13.044317237208904,3305.0,,None,30.0539841391376,13.0519503596263,223.6349,1096.565,-1772.865,-28.308,2000.0,9.186315074623374e-07
12,2007876324466455424,336.9923137243434,0.1817250541497253,57.69406039042109,4425.525,,None,336.9981564512275,57.69502237771611,249.3926,-725.227,-223.461,-24.0,2000.0,4.2112678506584236e-07
13,2007876324472098432,336.9916224196719,0.6796818424212033,57.69419743802371,3656.6667,,None,336.9981564512275,57.69502237771611,249.3926,-725.227,-223.461,-24.0,2000.0,0.00039398446428448586
14,2007876324466455424,336.9923137243434,0.1817250541497253,57.69406039042109,4425.525,,None,336.9991483422729,57.69715187574389,249.9668,-934.098,-686.244,-28.0,2000.0,0.000393901617471142
15,2007876324472098432,336.9916224196719,0.6796818424212033,57.69419743802371,3656.6667,,None,336.9991483422729,57.69715187574389,249.9668,-934.098,-686.244,-28.0,2000.0,7.840666125379457e-07
16,2596740426912781696,339.6503394188831,2.2023266435552085,-15.289968606899302,3294.0,,None,339.6399,-15.2999325,293.6,2314.8,2295.3,-60.0,2000.0,0.0001275243069109628
17,1934263333784036736,341.70296260284204,0.0308839598007587,44.33201708254704,3742.19,,HIP112460,341.7072132253419,44.3339922842305,198.0112,-706.152,-458.775,0.287,2000.0,1.8928067630482765e-07
18,2603090003484152064,343.32397371221697,0.0671657082579801,-14.26659581558406,3837.205,,HIP113020,343.3197179614233,-14.263695391648888,213.8669,957.961,-673.638,-1.6,2000.0,9.61652366521454e-08
19,1926461164913660160,355.47999369869643,0.1018132702547076,44.170596761287726,3293.0,,None,355.4793171610063,44.17745144152694,316.9558,112.692,-1592.055,-77.764,2000.0,2.685522328040162e-06
20,3526420114272476800,188.0157065574052,0.3708980845374053,-16.19625623315933,6722.0,1.6411434,HIP61174,188.0176105425,-16.19600457583333,54.7,-425.17,-57.23,0.69,2000.0,5.690025592530682e-06
21,2193192137374547328,319.646298283486,0.8178950450054825,62.58578821319179,,,HIP105199,319.6448846972256,62.5855744637194,66.5,150.55,49.09,-15.8,2000.0,3.5568629542238186e-06
22,2193192137369300096,319.6466068984432,1.9147922221794464,62.58593491397673,,,HIP105199,319.6448846972256,62.5855744637194,66.5,150.55,49.09,-15.8,2000.0,0.00020778330493033547
23,2198483880674251136,333.7625048254672,0.2582305195286951,57.04379547618186,7124.0,2.2763178,HIP109857,333.759214452613,57.0435655540271,38.0277,415.734,53.391,-4.7,2000.0,8.804470337795551e-08
24,3307650109600736000,67.20947489647735,0.1431355244858996,13.047537872988826,7814.3335,2.361986,HIP20901,67.2090158449306,13.0476042787042,20.5887,103.866,-15.423,37.3,2000.0,5.1013631612755335e-09
25,2246581329639103872,304.38566743573097,0.034992327532918,66.85497047393939,5974.0,0.99011385,HIP100017,304.3805345030912,66.853689331402,57.2564,468.619,297.538,-4.455,2000.0,1.9735104227930866e-07
26,6880093650312745984,304.51383554530094,0.3050310221239034,-12.544841178669785,4735.6665,10.033714,HIP100064,304.51356644875,-12.54485232,30.82,62.63,2.66,0.7,2000.0,6.991573145154531e-06
27,1805044913356835328,305.71855650278945,0.0230686562227783,14.55106684129419,6224.0,1.1941929,HIP100511,305.7182055377569,14.5510963783168,38.4843,77.88,-6.69,4.81,2000.0,4.452525395813706e-06
28,2084032554258818944,306.7599027804041,0.0521614421111047,49.38360702657865,7065.8535,1.6750567,HIP100859,306.7594488355453,49.3833605480765,25.5678,68.636,57.246,-20.0,2000.0,4.569619406357922e-09
29,6860945174279114880,307.2149851888128,0.1612769579203912,-17.81372857084146,6944.5,1.949435,HIP101027,307.215060346757,-17.813685908746287,33.04,-14.98,-7.29,18.4,2000.0,1.3301831515812756e-05
30,6860945174275852416,307.2149002104355,0.1046257724736069,-17.814173131253025,3292.5,,HIP101027,307.215060346757,-17.813685908746287,33.04,-14.98,-7.29,18.4,2000.0,0.0004642447242272823
31,2243479676058593152,307.3957686051366,0.4937812936738499,62.9940505988582,7374.5,3.0854886,HIP101093,307.3952716004427,62.9940615520928,25.7611,52.416,-2.544,-6.8,2000.0,1.2593605326686842e-09
32,1856712201709083136,307.54369499084174,0.4801529157007757,26.84226468991686,4460.0,,HIP101150,307.5444511286379,26.842833496180557,49.0286,-156.696,-132.11,17.4,2000.0,1.29947649177366e-08
33,2246206567973292160,307.63811580984645,0.0210101753574714,65.45077881122684,3600.11,,HIP101180,307.6335229410969,65.449558362188,123.7545,443.22,283.443,10.578,2000.0,1.7106275668683158e-07
34,1863898674120773760,307.88436773795604,0.0217979581023299,33.77594265958234,4559.2173,0.721758,HIP101262,307.8836329522927,33.7758702608514,37.1258,141.856,16.815,-26.83,2000.0,1.1630956070356209e-08
35,2067948245320365184,308.21426671092564,0.1744935795489964,41.900431662663735,5127.825,1.0968839,HIP101382,308.2151671385066,41.898498706587,44.8158,-155.663,448.944,-5.84,2000.0,2.442353811515782e-08
36,1735416587178908544,309.91098769570647,0.9390041512422908,4.972385620383848,4328.0,,HIP101955,309.9071235458282,4.972038917838176,59.8,863.38,76.29,-40.86,2000.0,0.00013338462519676728
37,1814241194252808704,310.1886300516202,0.025489886428421,19.936880498400733,5883.95,0.96467906,HIP102040,310.1880866100754,19.9355356976783,47.85,118.655,312.341,-35.381,2000.0,3.9852732360745066e-08
38,2187263158355763072,310.3681187019198,0.0239030081153302,57.43068271999451,4018.95,0.67223966,HIP102101,310.3673369826076,57.4297970241794,40.3039,97.74,205.709,-24.14,2000.0,1.808285208737973e-08
39,1817769836303393280,310.7052951217659,0.0409316232484754,20.84309056574386,4968.3325,0.7698147,HIP102226,310.7056681805703,20.8446106471857,40.3339,-80.975,-353.051,-36.617,2000.0,3.5641952551220925e-08
40,2245998176160116736,310.796197334044,0.0954268258649155,66.65759528915223,7821.0,1.6160533,HIP102253,310.7959166060698,66.6574463429813,22.9299,25.835,34.594,-11.0,2000.0,3.044784148146126e-09
41,2195115561163064960,311.3231813168094,0.3036060527336389,61.842305485764605,4766.25,4.8644876,HIP102422,311.32239814166667,61.83878242694445,70.1,86.5,818.02,-87.407,2000.0,2.967401840490835e-06
42,1869302503201267840,311.5549963296678,31.661345358861237,33.971457222888205,,,HIP102488,311.5528431704166,33.97025692388889,44.86,355.66,330.6,-12.599,2000.0,0.0003383170775585528
43,1869302503184405760,311.55470104855004,0.7001399152234918,33.97165785643453,4732.6665,,HIP102488,311.5528431704166,33.97025692388889,44.86,355.66,330.6,-12.599,2000.0,2.4383117823950744e-05
44,1763000482062205056,311.6618685381049,0.1434949111240898,16.123249954270342,6295.9,2.5433161,HIP102531,311.6619185248779,16.1241254479795,28.4068,-11.153,-203.341,-6.97,2000.0,5.053461973240661e-09
45,1763000413341086464,311.6644461541956,0.3538072199348611,16.123443598742217,4676.5,8.292393,HIP102532,311.6645799400576,16.1242877352627,28.5183,-29.851,-196.058,-6.17,2000.0,4.921069352492748e-09
46,2515037264041041536,33.07984453435266,0.0379008991078979,3.567642486429908,3967.395,,HIP10279,33.0874477374277,3.5756196007019,95.1619,-1762.475,-1852.764,-2.562,2000.0,1.262725758061659e-07
47,1760960887992601984,312.4075965836745,0.0417818420323535,12.545545261578653,6389.6665,1.4170096,HIP102805,312.40736395006945,12.5451268186153,32.9209,52.94,96.82,4.613,2000.0,1.7973265489339469e-06
48,2067050940754838656,312.521286697512,0.1205584338889644,44.05987186965186,7816.0,1.9870336,HIP102843,312.5205470575318,44.0593017264404,24.1034,123.45,132.42,-21.5,2000.0,9.94101190053009e-09
49,2182197777015312512,312.6398634641316,0.0284805088553741,52.90148541416691,4188.4497,0.66294795,HIP102870,312.6378163205798,52.8995950108803,43.9769,286.807,439.057,-52.454,2000.0,1.0290073843234064e-07
50,6882963066420161664,313.13617764109443,0.0744387565639769,-16.97456359123337,3306.0,,HIP103039,313.1375696373591,-16.9747243787847,178.1243,-309.217,37.345,16.308,2000.0,6.353077514686476e-08
51,2195886971653527168,313.3324562190983,0.0264908345277384,62.15106513090693,3959.08,,HIP103096,313.3324544628268,62.1543926992899,142.0341,0.191,-772.885,-17.168,2000.0,2.595610450553189e-07
52,1758463038092175232,313.7810431056244,0.0406710619731231,13.178414961850947,4678.0,0.7141809,HIP103256,313.7786101268854,13.1768086541876,41.5127,550.216,373.085,-41.03,2000.0,1.565991278687278e-07
53,6890353330746858368,314.19399148365966,0.0511035562999459,-10.453382272590355,3609.6133,,HIP103388,314.1941543330863,-10.4485414480835,62.1155,-37.196,-1124.321,35.6,2000.0,1.677380297829872e-07
54,1838855376946302720,314.35923262360006,0.0520855394759673,22.361806193615667,3717.09,,HIP103441,314.3556485750504,22.3627244190927,69.3112,769.821,-213.274,-32.2,2000.0,1.4614255305834832e-07
55,2271636863174005504,315.0162741931589,0.0235289902884279,70.66848048731725,4602.3447,0.6685573,HIP103650,315.0143273593934,70.6686786059681,37.3318,149.681,-46.017,-29.78,2000.0,2.4244040277709848e-08
56,6910371005081903488,315.49334082220435,0.0691925169767132,-6.320646701585092,3742.6602,,HIP103800,315.4943374302661,-6.3187436079594,69.1402,-230.064,-442.009,-14.1,2000.0,3.4578038731403314e-08
57,2163558855915069824,315.6733984621958,0.0471805668748258,45.88540936311862,,,HIP103859,315.6698080246673,45.8847682500244,51.3456,406.538,141.275,-14.202,2000.0,0.0007496178601349363
58,2163558855915068416,315.67232252579475,0.0251042238583955,45.88537653885458,4963.0,0.7884059,HIP103859,315.6698080246673,45.8847682500244,51.3456,406.538,141.275,-14.202,2000.0,7.14969783639554e-08
59,6833190855089866112,316.1011018724967,0.6980972045213827,-19.855201255801443,7132.6665,2.6391149,HIP104019,316.1012555166667,-19.85499196277778,20.2,-37.62,-24.95,23.8,2000.0,0.00010335626900716982
60,1736838805468812160,316.3326160389202,0.0328968736838404,7.066870152196318,4275.51,0.7735405,HIP104092,316.3322752919079,7.0692980739144,66.4656,78.54,-563.904,-66.583,2000.0,1.7038649157613726e-07
61,6882183890631781248,316.4871562409845,0.5409677465075581,-17.233128724459903,9164.0,,HIP104139,316.4867826304166,-17.232861690277776,20.11,79.33,-62.01,-10.9,2000.0,1.5277312340433688e-05
62,2493069571473486080,33.556068872510544,4.302490976451044,-3.636802247538967,,,HIP10416,33.5565448492034,-3.6352037594912,44.0654,-12.313,-219.284,-8.561,2000.0,0.0007786217700630545
63,2493069773336748928,33.55649172732305,0.0561101333329558,-3.636147893041196,4704.0,0.7390805,HIP10416,33.5565448492034,-3.6352037594912,44.0654,-12.313,-219.284,-8.561,2000.0,1.1543277964567075e-08
64,6885342959337741184,316.7949535966312,0.0430280856520205,-13.923142738088655,5163.5,0.79823226,HIP104239,316.7932543646845,-13.92292981507121,56.9,382.85,-46.7,-32.1,2000.0,1.188609127382762e-05
65,6885342955043185664,316.79487113763986,0.0382357523429514,-13.924159360733093,4621.1333,,HIP104239,316.7932543646845,-13.92292981507121,56.9,382.85,-46.7,-32.1,2000.0,0.0010315180453173
66,6912161147450851840,317.1892277101107,0.861428970180464,-4.426867891429394,4571.64,0.5904917,HIP104383,317.1895425433336,-4.4268036964697,41.7694,-72.905,-14.91,2.9,2000.0,2.070837801375138e-09
67,6912161147450009984,317.1881161089936,0.223486487193472,-4.427032263155186,,,HIP104383,317.1895425433336,-4.4268036964697,41.7694,-72.905,-14.91,2.9,2000.0,0.0011204055163514
68,1744662586614707072,317.58561546485686,0.1929840192465562,10.130926039676488,7457.25,2.1633248,HIP104521,317.5854171501405,10.131578357096666,28.7705,45.342,-151.506,-16.489,2000.0,5.209412855609478e-09
69,1964791583375277312,318.69855340670915,1.2099890514862106,38.04716060820797,,,HIP104887,318.69788551128704,38.04531781602413,49.16,196.99,410.28,-20.9,2000.0,0.0003311020979027848
70,1964791583368232832,318.6986821552511,0.341850313526151,38.04739325243012,6561.0,2.5758266,HIP104887,318.69788551128704,38.04531781602413,49.16,196.99,410.28,-20.9,2000.0,0.0003797257713972671
71,2193192137374547328,319.646298283486,0.8178950450054825,62.58578821319179,,,HIP105199,319.6448846972256,62.5855744637194,66.5,150.55,49.09,-15.8,2000.0,3.5568629542238186e-06
72,2193192137369300096,319.6466068984432,1.9147922221794464,62.58593491397673,,,HIP105199,319.6448846972256,62.5855744637194,66.5,150.55,49.09,-15.8,2000.0,0.00020778330493033547
73,6832674634380238848,320.0567965369402,0.0687835381186596,-19.8553890292441,4026.18,0.71777296,HIP105341,320.0575881304057,-19.8522851852201,63.3493,-172.925,-720.88,17.798,2000.0,1.128584386329787e-07
74,1965602679357877504,320.25584584466617,0.0234007751002979,40.34405498939693,5935.45,1.2444446,HIP105406,320.2559103143827,40.3449660456433,37.1296,-11.412,-211.6,54.81,2000.0,3.0268068548133806e-08
75,5143341362661301632,33.94211095157013,0.0402256784247525,-18.238679166400907,4775.0,0.7538554,HIP10542,33.94226408708389,-18.238156267171878,43.2,-39.89,-116.24,5.3,2000.0,3.456592953545958e-05
76,5143341362664402304,33.94227610631364,0.0412537576053097,-18.23920317485237,5208.5,,HIP10542,33.94226408708389,-18.238156267171878,43.2,-39.89,-116.24,5.3,2000.0,0.0005763127939842315
77,6890965518204449536,321.04827690226386,0.11395873032841,-12.878072636439343,7212.0,2.1853871,HIP105668,321.0478826576054,-12.8781099257906,20.9154,89.263,8.661,-3.0,2000.0,1.6416903674216879e-09
78,1972438304486314112,321.3326390674535,0.0568129463882899,46.71454868037329,6908.875,1.6301404,HIP105769,321.3314539910275,46.7143400508401,29.2826,188.747,48.135,0.0,2000.0,1.3940500450691684e-06
79,1787127787263968640,321.6114556153255,0.1235099207572799,19.375713345769935,7624.0,1.468984,HIP105860,321.6110860932411,19.3756435737987,21.1287,80.964,16.205,-9.7,2000.0,2.601301383636793e-09
80,6898272524589700608,321.820363406532,0.0608791656774846,-6.845990726083405,3882.7852,,HIP105932,321.8202365365934,-6.8442729971921,59.5252,29.257,-398.956,53.054,2000.0,8.776707193813945e-08
81,1784473016438653056,322.4079331349824,0.0726254029495969,17.644925208123574,3615.0,,HIP106106,322.4033833557128,17.6432943090001,147.6126,1007.017,378.777,-25.109,2000.0,2.954416726948924e-07
82,1797276382668029440,322.7577730841873,0.0352223026030433,23.33475789263493,4563.527,0.63474023,HIP106231,322.7571422521134,23.3353807923859,41.2446,134.531,-144.674,-23.36,2000.0,1.4120633879480609e-08
83,2216158427021654528,323.25784276200375,0.0255569543838791,62.00329192971145,4546.9336,0.5986035,HIP106400,323.2544511232679,62.0024514958027,42.9807,369.792,195.189,-11.293,2000.0,9.790102764773013e-08
84,326173044957518080,34.269457614119055,0.3323487193590267,34.2231707201944,5885.0,1.0841635,HIP10644,34.2634807818375,34.2242342902351,90.845,1147.807,-247.059,-6.57,2000.0,3.12750839760446e-07
85,1971163631214790528,323.4950713261331,0.1917954691100996,45.59143608850904,5043.0,8.540554,HIP106481,323.49522077000006,45.59183829194445,26.39,-23.79,-93.7,6.88,2000.0,2.4728305530737296e-06
86,326109689896474752,34.32884872575569,0.3770599928179532,33.84696999908784,8342.667,,HIP10670,34.328612639583326,33.84719306916667,29.04,44.64,-52.57,9.9,2000.0,5.073352669283742e-06
87,1800808220175220480,324.503945034728,0.0243008086383003,27.723462827762734,4057.2864,,HIP106811,324.5016013819928,27.72374295917032,75.09,471.53,-75.12,-15.1,2000.0,6.201857611853346e-05
88,1800808220172866048,324.50424170597233,0.5581995263392836,27.72435021107825,,,HIP106811,324.5016013819928,27.72374295917032,75.09,471.53,-75.12,-15.1,2000.0,0.0009800318880218634
89,1786774019397408768,324.7555138280176,0.1045866213103258,20.26544567277967,7286.75,1.5418162,HIP106897,324.7549527169491,20.2654492999374,25.4223,122.255,-0.843,-12.9,2000.0,3.5677964208530732e-09
90,1954559047126247808,326.12448822470174,0.0182431854147952,41.59763852079024,4185.5864,0.6187506,HIP107346,326.1248403916435,41.5974618233972,50.4206,-61.168,41.039,9.75,2000.0,3.6933681720839632e-09
91,1772187382746856320,326.13157051887043,0.0506646086645112,14.771452436101356,5955.0,1.0069538,HIP107350,326.13054155570626,14.771939536399724,55.1631,231.086,-113.134,-16.723,2000.0,1.809138104211641e-08
92,6838311796135212800,326.76135450392945,1.087430463023335,-16.128565056270038,,,HIP107556,326.76018433125,-16.12728708527778,84.27,261.7,-296.7,-3.4,2000.0,2.7019890632993804e-06
93,1773172957482270464,327.5365269659702,1.0490680102358674,17.28556781046248,6597.0,1.7820953,HIP107788,327.5362496495833,17.285849688333336,29.92,91.63,-44.04,-1.1,2000.0,0.00015918884513791304
94,1896396703077703936,328.12436266148063,0.0697702729656369,28.79327671033228,6382.0,1.5960165,HIP107975,328.1246529449185,28.7935421339924,36.8628,-59.085,-61.647,18.921,2000.0,3.264701527532113e-09
95,1781003885454165888,328.2722809769811,0.0404789312931816,20.930086277429,4999.0,0.74042106,HIP108028,328.2723049738802,20.9305189675938,42.9158,-5.206,-100.496,13.673,2000.0,3.2357128896492262e-09
96,6840706910418152320,328.3254187977308,0.1595763673658403,-13.551714352073011,6811.0,1.6919987,HIP108036,328.3240408377418,-13.5517722823483,36.9539,311.132,13.456,-21.5,2000.0,1.9637245223430445e-08
97,1960390203963541760,328.4980632362664,0.0185386498163613,41.77746874964178,4089.565,0.6402101,HIP108092,328.4958405486538,41.7790207697394,39.3208,384.968,-360.474,-49.64,2000.0,9.0695694886765e-08
98,1898230241798771584,328.6887327749941,0.0183714752921422,32.32755738107566,5055.0,0.76813954,HIP108156,328.6876648850763,32.3285664597834,49.0224,209.583,-234.37,-13.286,2000.0,3.0482579673505215e-08
99,2669361142702790272,329.7290958701924,0.0582222039462522,-4.374199267788098,4906.1533,3.053993,HIP108506,329.7291038288747,-4.3731103796829,26.941,-1.843,-252.903,-50.043,2000.0,2.3084139098694315e-08
100,383275940831929728,3.3777946987221164,0.0681470645970636,41.034740390835466,7037.6553,1.626135,HIP1086,3.3784984291278,41.035369863266,26.8161,-123.289,-146.201,-27.23,2000.0,1.3635242088442145e-08
101,1775651840806925312,330.45615419298025,0.6714072543758354,16.468080175285703,3948.8467,,HIP108752,330.4543559234095,16.467456831855095,61.79,391.82,156.08,-15.067,2000.0,6.142461540174141e-05
102,2683023811628007296,330.5408646240276,0.1159143677215252,1.399031118767167,3881.775,0.5645528,HIP108782,330.5428132207473,1.4002305981129,94.7419,-452.43,-278.582,18.383,2000.0,1.234635305064844e-07
103,2218144110659419264,330.94980262748163,0.5288145901302707,64.62835515409395,6752.0,2.7302265,HIP108917,330.9477291109317,64.62797577182414,33.79,215.46,91.06,-10.74,2000.0,4.119966671516725e-05
104,1891598193815850624,331.75418028319814,0.2771448492748962,25.345217126902863,6265.0,1.668653,HIP109176,331.7527585719764,25.3451044829153,84.7637,298.42,26.161,-5.5,2000.0,1.5257225462917198e-08
105,2619706544757416192,332.3748116760949,0.0410318457491813,-7.550596236927608,5534.6665,1.087652,HIP109378,332.37444049747245,-7.5486563930175,46.9229,85.462,-450.544,-20.855,2000.0,2.907409626637856e-08
106,2627117287488522240,332.4229937913186,0.0430776280809631,-4.640831742327989,3856.5325,,HIP109388,332.41810156443626,-4.640736463082778,113.6,1132.534,-22.125,-15.279,2000.0,1.3863166775694954e-07
107,2720428303852169216,332.55110325841594,0.8667857045364273,6.197966395587226,7104.75,3.1637175,HIP109427,332.5499386466667,6.197863263888888,35.34,282.18,30.46,-7.9,2000.0,6.364053402654996e-05
108,2223560373653613312,332.6607884430799,0.0544435083967903,70.13268276436708,6812.5,1.6626333,HIP109474,332.6616183865123,70.1325736753795,30.6524,-65.509,25.336,-0.259,2000.0,5.736636742906567e-09
109,1906647037667895424,332.7997724653536,0.0195105867403537,36.2552399367577,5423.25,0.88413185,HIP109527,332.7996385310862,36.2563241349562,44.4345,25.152,-252.101,-19.427,2000.0,1.2850858331950807e-06
110,1776317182780536064,332.8768854701399,0.0374731545234682,18.42697353394197,3869.0,,HIP109555,332.8753914951861,18.4261950051875,85.2883,329.198,180.818,-51.328,2000.0,1.1175277089290813e-07
111,2723557788822526720,333.1502332543849,0.126187799775563,8.550335538291439,3703.8933,,HIP109638,333.1497682477591,8.5532220686692,62.781,106.8,-670.42,11.2,2000.0,3.33089764755528e-08
112,2598935670597134464,333.6592283144029,0.0331249263124114,-15.820067655032794,5075.7354,2.5924363,HIP109822,333.659251257514,-15.8185321350061,24.8495,-5.127,-356.635,10.44,2000.0,1.4543151130676013e-08
113,2198483880674251136,333.7625048254672,0.2582305195286951,57.04379547618186,7124.0,2.2763178,HIP109857,333.759214452613,57.0435655540271,38.0277,415.734,53.391,-4.7,2000.0,8.804470337795551e-08
114,2005798350576886144,333.9771601859162,0.0266291663508263,54.673192624730085,5319.0,0.80298287,HIP109926,333.975577603973,54.6728899269373,45.5261,212.545,70.302,-7.415,2000.0,2.494093508861237e-08
115,2220169200616370432,334.136871767724,0.0254781683399671,68.33974785763107,4450.28,0.69279736,HIP109980,334.1324528118825,68.3397928689424,41.6309,378.824,-10.468,-4.507,2000.0,1.180275372997169e-07
116,2486984045196486784,35.43635306704446,0.0667578455538432,-6.879309822979679,4716.05,0.7095379,HIP11000,35.4350720537253,-6.8795318702623,36.0961,295.384,51.573,26.282,2000.0,1.7835266907838616e-08
117,5175014311223513984,35.507053743686306,0.0863596271532295,-10.777888509642668,6873.5,1.5620072,HIP11029,35.5063823187896,-10.7775334072797,33.3252,153.193,-82.475,12.0,2000.0,6.017737887366518e-09
118,2722592692491549824,335.232669706693,0.0620834736551895,8.18683642655679,6486.0,1.3094342,HIP110341,335.2324902843977,8.1867411318608,31.8367,41.248,22.133,8.627,2000.0,1.0261561946636392e-09
119,2677558895240612992,335.4146264047306,0.6608803604621623,-1.3873009888655667,8913.5,,HIP110395,335.4140599894978,-1.3873380586389,26.3057,131.516,8.61,-15.7,2000.0,4.177418914655526e-09
120,1901773452377248512,335.87221343787945,0.0515151675740669,32.45823101587287,3692.95,,HIP110526,335.87123927959254,32.45942087959565,64.47,251.31,-212.28,-19.9,2000.0,0.00037912485627414073
121,1901773448080491392,335.8726116690364,0.0490225567795691,32.458338448335525,3820.14,,HIP110526,335.87123927959254,32.45942087959565,64.47,251.31,-212.28,-19.9,2000.0,0.00018475324684967705
122,1875076004382831616,336.1888848135691,0.0352795883393469,22.550806685997276,4484.0,0.682927,HIP110640,336.18973398592874,22.55113044864931,46.33,-174.67,-67.38,-6.97,2000.0,4.656727808365785e-05
123,1875076004381643008,336.18840113957805,0.2300830213934635,22.55030108862716,,,HIP110640,336.18973398592874,22.55113044864931,46.33,-174.67,-67.38,-6.97,2000.0,0.0007211911143356817
124,6821533111257080960,336.55743950199945,0.0621779454688671,-19.188532912761644,4536.033,0.6872603,HIP110750,336.5563689106291,-19.1884275103638,39.1416,234.839,-24.48,-20.66,2000.0,1.4301326492086146e-08
125,2205488624442109824,336.6380761251294,0.0260086937948195,63.88006924658716,4461.0,0.65681916,HIP110774,336.6361577967966,63.8791749453321,38.3161,196.159,207.706,1.03,2000.0,3.589502770726945e-08
126,2595463996992115840,336.6440634509766,0.2785615267089305,-16.741856444648324,5143.45,,HIP110778,336.64291713042417,-16.741588876089445,51.5079,254.957,-62.144,2.28,2000.0,7.866565683456135e-09
127,339057779344285824,35.709166384055955,0.1217633777137173,41.39586862967378,7291.325,1.8382578,HIP11090,35.7095964926172,41.3962927816314,20.8673,-74.938,-98.513,-34.5,2000.0,7.811557210231435e-09
128,2738145555048846080,337.1921692102889,0.0451313490077281,18.931147150003653,4058.0,,HIP110951,337.1914073517312,18.9316968038311,44.8984,167.376,-127.662,-46.67,2000.0,3.072906658683804e-08
129,1988193348339562880,337.8238475644936,0.2776260237473212,50.282567015441394,8342.667,,HIP111169,337.8229221208333,50.28249116666667,31.79,137.51,17.01,-4.5,2000.0,2.706353195071213e-06
130,2622845684814477696,337.82699878996044,0.6331602285055583,-6.555622673985233,5992.0,1.2866498,HIP111170,337.826367758189,-6.5552969139918,39.1884,145.605,-75.661,-9.72,2000.0,9.433888260497668e-09
131,2717105133036645760,338.2616253868568,0.0530997510354825,9.37858538467019,3949.22,,HIP111313,338.2592763183156,9.3779774061202,77.0259,538.303,141.207,-6.493,2000.0,4.3531169315836284e-08
132,1908305169922494208,339.3743075624604,0.7820800718972057,39.37948191681064,4120.85,0.89032984,HIP111685,339.37461839259765,39.3810108745366,41.9857,-55.801,-355.113,-57.28,2000.0,5.985837664744253e-08
133,2623505219992303104,340.8380940512717,0.0811533606193132,-6.402068509425255,4864.915,0.771319,HIP112190,340.8387618958362,-6.400821028355556,46.2733,-154.145,-289.737,-13.753,2000.0,1.1922507290441444e-08
134,2211393521580984320,341.0247800270161,0.0222154544746633,64.5693907518864,5542.0,0.82395524,HIP112245,341.0242751308948,64.5706708888087,39.7864,50.354,-297.322,-45.451,2000.0,3.7160206489504313e-08
135,2833330968155957888,341.8078490099937,0.054828729032227,18.38488228714208,4682.42,0.7170431,HIP112496,341.8067063281261,18.3844998013725,37.3094,251.855,88.836,-23.6,2000.0,3.259709575725074e-08
136,2299942278201276288,341.876871886869,0.0276537209942154,83.69753070068629,5140.425,0.77227306,HIP112527,341.8828187617006,83.697027580338,51.1167,-151.637,116.846,-18.573,2000.0,8.47862623347178e-08
137,2211820991079869312,342.4193685981096,0.3399613614311582,66.19986743477982,4543.5,13.908057,HIP112724,342.42007059791666,66.20040656,28.29,-65.89,-125.17,-12.763,2000.0,4.486602983282572e-07
138,1876510592179102464,342.50149171905315,0.3487930315731706,24.601398055569916,4766.25,11.304201,HIP112748,342.50080479416664,24.601582883333336,30.74,144.7,-41.87,13.791,2000.0,4.81367458003864e-06
139,2611163717366876544,342.5804722062656,0.0418840694031694,-7.089658495339789,4055.7402,,HIP112774,342.5809342446501,-7.0901058060582,68.9567,-106.492,103.892,-6.03,2000.0,6.903182641234689e-09
140,2720132500864789760,342.86162888675995,0.0455502789426803,13.970855444632072,5121.0,0.63900524,HIP112870,342.859826970503,13.9699830443338,44.3578,406.131,202.62,1.286,2000.0,1.677363437371142e-08
141,1889703525209960960,342.97571529315786,0.0434696670191502,31.754012224742358,3750.3125,,HIP112909,342.97306314218315,31.7542209909056,66.417,523.781,-48.494,-2.284,2000.0,5.6123604394773476e-08
142,2837037662371901184,343.01111393050644,0.0319164051953894,23.4125763598549,4355.9634,0.6799942,HIP112918,343.0104967509749,23.4132382794875,35.7555,131.543,-153.737,-7.32,2000.0,7.921562042674093e-09
143,2717930312217660928,343.1025892514054,0.1456084598658872,9.835853511115252,6236.25,1.9921467,HIP112935,343.100310364752,9.835663032748,37.1269,521.507,44.238,11.884,2000.0,3.3447044578014075e-08
144,2835207319109249920,344.3675399324613,0.0918570483599488,20.76909575219835,5830.0,1.1609589,HIP113357,344.36658506978085,20.76882840019833,64.6488,207.363,62.094,-33.165,2000.0,3.056351649559353e-08
145,2411086582892886784,344.526270791937,0.051723597321601,-13.64395505149339,4260.883,0.63192415,HIP113409,344.5261055503133,-13.642544056617,35.8081,37.296,-327.713,10.02,2000.0,1.6437180147243878e-08
146,2648914040357320576,344.5647243460932,0.053776637958181,-2.395448934638602,5630.0,1.1790631,HIP113421,344.5647549758629,-2.395385310336111,49.817,-7.108,-14.777,-13.148,2000.0,1.283373505272821e-09
147,2636589099125426816,345.466472025445,0.4731452945039425,-3.8496426185111705,4948.6553,0.73216695,HIP113718,345.4647658076755,-3.8487338321166,61.7115,396.2,-207.68,-44.19,2000.0,1.5001864362202152e-05
148,2832641058969396864,345.7701976359541,0.0327778835433607,20.918450777325138,5926.6665,0.9969191,HIP113829,345.7707392801818,20.9185729981381,41.1236,-117.509,-28.387,2.033,2000.0,3.7531486397345645e-09
149,2212272649844661504,346.1291985744646,0.0241177670557291,66.76404147170467,4049.09,0.6542201,HIP113944,346.1258689335877,66.7643843796015,49.1941,305.09,-79.651,7.211,2000.0,7.385297480852924e-08
150,2816504901198251520,346.19050188345767,4.24817908105162,15.205094548155095,,,HIP113963,346.190222691426,15.205267147927536,24.46,60.4,-41.3,-2.7,2000.0,1.071944887735062e-05
151,2832463659640297472,346.8701486327882,0.0684540159952387,21.134037553026428,7376.66,1.437642,HIP114189,346.8696487106946,21.134250592745,24.2175,108.301,-49.48,-12.6,2000.0,1.4740483223130975e-09
152,2661803855688028800,347.0311487085874,0.0331310761109194,3.330100635580106,3911.907,,HIP114233,347.0290169318944,3.3289927992945,60.754,494.272,257.296,31.153,2000.0,1.4337370741527457e-07
153,1942532726377141120,347.4899825524229,0.0281027178400113,47.95835053870895,4979.22,1.0932051,HIP114379,347.4890173557816,47.9583452541227,32.8449,150.123,1.226,-5.818,2000.0,1.0054817017029512e-08
154,1931708859034495488,347.6122476198521,0.1240311086289243,43.54341496464886,6257.4,1.4957476,HIP114430,347.6134894081333,43.544009346974,34.1008,-209.057,-138.052,-32.4,2000.0,2.6864421380884376e-08
155,1935133906475484544,347.7081271233464,0.0212024529126589,45.51103617370046,5541.5,0.9756693,HIP114456,347.7086603286758,45.5122709750565,42.4486,-86.783,-286.793,-30.685,2000.0,2.8611798525928782e-08
156,2515752565074318720,36.9418740737739,1.1816047691473617,4.432979430374446,4209.0,,HIP11452,36.94108956781172,4.432152471019819,58.33,86.42,240.0,6.57,2000.0,0.000459074210943993
157,1990723839987250176,348.13810999366405,0.1782141496303135,49.40661908482949,7068.5,1.8328252,HIP114570,348.13751583041665,49.40620708527778,40.67,90.23,95.56,12.1,2000.0,1.9567103794722068e-06
158,2009481748875806976,348.3372026315853,0.0718010301593441,57.16962552962232,4787.3335,0.8033806,HIP114622,348.32072825875497,57.16835458916472,153.0808,2074.517,294.936,-18.475,2000.0,2.214611516021756e-06
159,1909581805999126784,349.0774536425712,0.0295482732742365,30.67059109129018,5101.63,0.7826876,HIP114886,349.0756572050321,30.6702055394807,40.1398,358.871,89.544,10.07,2000.0,3.240641873444524e-08
160,1995681125599758592,349.17707339441506,0.0703345624565655,53.21245641358689,6148.3335,1.2723802,HIP114924,349.1762617226227,53.2134761897193,48.661,112.891,-236.852,-27.006,2000.0,2.7321225271832777e-08
161,2658974606110545536,349.29467944158176,0.3279852911274287,3.2823664346981034,4766.25,12.3625145,HIP114971,349.2914062129167,3.282288326388889,23.64,759.82,17.77,-14.48,2000.0,3.9465315107783805e-06
162,2633584305645296768,349.85077361712086,0.1538235306996981,-5.124430295664952,6658.5,1.8045626,HIP115142,349.8499070311627,-5.124347858879,28.9386,201.39,-18.13,-7.17,2000.0,5.9138290750982615e-06
163,2282846074981010688,349.86558626545457,0.024298581328643,79.00383169224173,5114.5,0.75703806,HIP115147,349.8609936942992,79.0035197228101,52.7325,203.464,72.449,-16.429,2000.0,7.516301869434858e-08
164,1937003729076823040,350.4059469798992,0.0776818113892202,44.09882384791956,5303.0,0.832032,HIP115331,350.4021415742647,44.0978827963629,46.6854,634.727,218.552,3.49,2000.0,1.325920363622015e-07
165,1937923436193950080,350.43641223669425,0.032089459534867,45.17573902420721,4805.0,0.74942917,HIP115341,350.4352136744105,45.1760529219876,49.0661,196.238,-72.908,-13.478,2000.0,2.5669903211093068e-08
166,2436812303124645504,350.77237924473,0.0556937285045999,-10.76312297089324,5003.6,0.7211828,HIP115445,350.7703966654632,-10.7642439444714,52.1313,452.368,260.357,34.054,2000.0,6.272909546199741e-08
167,2009439555118168832,351.12664444935405,0.0265754204195621,57.853096255088445,3889.0,0.5010679,HIP115562,351.1271437834722,57.8543102144348,75.5654,-61.707,-281.952,-33.185,2000.0,4.9926275559654036e-08
168,5130446359011574528,37.25989407855182,0.1298131461618059,-19.97803248144289,4425.527,0.7062337,HIP11565,37.2571811494007,-19.9791765215757,51.2879,592.165,265.711,27.0,2000.0,1.3220336678570658e-07
169,517650349234855424,37.26618324645106,0.2084751886359629,67.40241539489774,8341.0,,HIP11569,37.26644916209381,67.40247693141559,24.55,-26.61,38.21,1.2,2000.0,0.00022639085066732123
170,517650353531686144,37.26462335700235,0.0985928787572573,67.40192061242355,7050.0,1.1550455,HIP11569,37.26644916209381,67.40247693141559,24.55,-26.61,38.21,1.2,2000.0,0.0009296132507184452
171,2645537646306946688,351.7335243066861,0.1802034018440367,1.2551918458235776,9123.667,,HIP115738,351.7331491368608,1.2556039787436,20.4415,87.115,-95.721,-4.4,2000.0,8.254572395305604e-10
172,2391670474561181440,352.5574335576649,0.0704727553261202,-20.391842341744702,3749.78,,HIP116003,352.5559935227767,-20.390957923025,62.6708,313.501,-205.412,-8.18,2000.0,1.7360755362099323e-08
173,2011251030583236352,352.8518307182337,0.0258590839800473,59.16600748174523,5303.0,0.8760136,HIP116085,352.8425363273528,59.1655184681585,59.2528,1106.342,113.402,-25.053,2000.0,1.1256819950770678e-06
174,2633449134434620288,352.8820304410009,0.0930736431215795,-4.0882288813721495,6069.1924,1.0830532,HIP116106,352.8812618075291,-4.0874044354203,38.5141,178.069,-191.486,-12.71,2000.0,1.977903545422415e-08
175,2395031273585836288,353.2073606533121,0.0557080826965004,-16.846588054138135,4205.31,0.69529873,HIP116215,353.20582672415,-16.8456452282305,68.6979,340.98,-218.978,-0.845,2000.0,1.3596661755303209e-08
176,2646280705713202816,353.7526176679761,0.0638358318800094,1.6055210847104593,3900.0,0.8227923,HIP116384,353.7511540921121,1.6053982910892,48.0331,339.797,28.52,-10.44,2000.0,2.5229764480945975e-08
177,2646280710008284416,353.75258908916464,0.9095039507318858,1.605848266902621,,,HIP116384,353.7511540921121,1.6053982910892,48.0331,339.797,28.52,-10.44,2000.0,0.0003284279213701126
178,2871343486014101888,353.8557130642204,0.0282201746477955,31.16009833227008,5127.0,0.803568,HIP116416,353.8567072083458,31.1613070427843,41.3305,-197.585,-280.738,-21.244,2000.0,4.462215871045314e-08
179,2646416259176624000,354.09656550895863,0.0938676879089427,2.1024845765460496,6378.0,1.7894166,HIP116495,354.0970208191111,2.1022202091634,30.4885,-105.678,61.401,49.1,2000.0,1.4541799500827329e-08
180,1939115478596951296,354.3920085300457,0.4173865628270969,46.45633518413335,4637.0,7.9393134,HIP116584,354.3910108808333,46.45814944000001,37.87,159.31,-422.38,6.84,2000.0,4.534261732695494e-06
181,1939093660163197312,354.49592174330485,0.0254050615033321,46.19938422620187,5818.0,1.0111853,HIP116613,354.4936990946957,46.1994339441213,43.7807,357.307,-11.552,-0.199,2000.0,4.150702213440024e-08
182,2281778105591104768,354.83582334785706,0.3339950130906063,77.63310085487726,4707.25,,HIP116727,354.8370897194617,77.63236263277082,73.8307,-62.997,171.457,-43.668,2000.0,4.323808279652813e-08
183,2419964589531462784,354.9463465550116,0.4311108307941117,-14.222365216491411,7249.0,2.4409912,HIP116758,354.9461060503331,-14.2221492870684,23.5523,54.147,-50.151,-2.0,2000.0,1.465329689707633e-09
184,2756363608023335808,354.9892981679823,0.3132752964035618,5.624412199677955,6186.0,1.6422578,HIP116771,354.9876724016666,5.626290980277778,72.92,377.15,-437.43,5.615,2000.0,7.466642903841205e-06
185,2756363608022656384,354.98923662139083,13.281281990465931,5.624537529404081,,,HIP116771,354.9876724016666,5.626290980277778,72.92,377.15,-437.43,5.615,2000.0,0.0001462416805377023
186,2390702771185162112,355.15911418741484,0.0552344860412934,-18.989074160256493,5486.25,0.8450242,HIP116819,355.1577249055866,-18.9888946094857,38.0542,305.111,-41.701,10.379,2000.0,1.776524684288716e-08
187,2826159850239895296,355.2153430489717,1.1111697100662556,20.36581810554934,,,HIP116838,355.2143531546649,20.3658788791918,38.43,222.46,59.83,-18.76,2000.0,0.00031976763088306887
188,2826159850241446784,355.21537242654864,0.0623812357720402,20.36611491629392,4571.3823,0.9538887,HIP116838,355.2143531546649,20.3658788791918,38.43,222.46,59.83,-18.76,2000.0,2.168339025064143e-05
189,2639991331699321472,355.54332752142574,0.1526039006283363,-2.578201428800232,4089.49,0.6025093,HIP116936,355.5443469083245,-2.5767208878962,41.1769,-236.517,-343.861,17.7,2000.0,5.457531393052695e-08
190,2419885149815948416,355.6810440664961,0.3154931373494848,-14.545190602783912,9423.333,,HIP116971,355.68060302833334,-14.544903420555556,21.96,99.28,-66.32,3.2,2000.0,1.7290785820569392e-06
191,2879203933297161088,356.45810300690704,0.0405166283865937,36.25525474906048,4149.435,0.5632997,HIP117197,356.4562544479869,36.2550490639808,50.4494,346.224,47.77,-20.74,2000.0,5.4862302621201346e-08
192,2420563960807395072,357.1081018367011,0.6584968835638856,-12.98739643932614,4302.175,0.73965466,HIP117410,357.10706693730333,-12.98749617332139,35.4713,234.215,23.165,-9.04,2000.0,8.194068052881952e-09
193,2742801956727994880,357.25512657332064,0.0567301571869923,3.1811692104656792,4993.32,0.71637034,HIP117463,357.2548343286201,3.1811702718288,40.1791,67.772,-0.247,-18.616,2000.0,5.634728595367447e-09
194,2739689239311660672,357.3064658099821,0.0534712759440738,2.3970525061170203,4044.2874,,HIP117473,357.3021880796959,2.4012230680252,169.3585,992.665,-968.648,-71.131,2000.0,1.1402392916010408e-06
195,2867514406706887808,357.61736538512986,0.0257575504848085,30.353304332301636,4311.287,0.73303217,HIP117559,357.6160912201673,30.353258082081,42.2862,255.371,10.741,-3.92,2000.0,1.25147451980355e-08
196,5145956864601439488,37.92664301544557,0.0428771259733975,-15.273959427050718,4934.9297,0.7110764,HIP11759,37.9269710183105,-15.2734519185381,37.0784,-73.491,-117.873,-27.82,2000.0,1.1426885609168976e-08
197,2232348941892509184,358.1112165560535,0.0384845307252848,75.54465226411621,4774.3335,0.92244595,HIP117712,358.1058611988183,75.5445468310083,91.6755,310.493,24.474,4.54,2000.0,1.2016560938200972e-07
198,2232348941889476608,358.1094779245307,0.2740502678304207,75.54505947847161,,,HIP117712,358.1058611988183,75.5445468310083,91.6755,310.493,24.474,4.54,2000.0,0.0005952145067035206
199,2867175035571212416,358.28541128035005,0.0267388689499228,29.01814908729734,4156.26,0.605664,HIP117779,358.2857979005622,29.018065183702,50.2231,-78.523,19.487,1.3,2000.0,2.386948630362895e-09
200,2011565220332867584,358.33339306444327,0.0230699899385429,59.94526479225159,4355.6826,,HIP117795,358.3326920634423,59.9451155899312,37.3452,81.542,34.653,-285.87,2000.0,6.632100864817672e-08
201,5145955421492456960,38.021488284129866,1.0071280782533156,-15.24516245577557,6393.3335,3.0025551,HIP11783,38.02178683708334,-15.244674383888889,37.46,-80.21,-146.29,-29.4,2000.0,0.0001529413249642067
202,2847644410525542016,358.8610856285004,0.4501483801175157,22.192838819021784,4411.0,,HIP117946,358.8608274077218,22.193282393665,39.178,202.025,-146.922,-11.347,2000.0,0.0006584558245955408
203,2847644410526748416,358.8617668274734,0.046295502517681,22.19264982110668,4846.34,0.6874165,HIP117946,358.8608274077218,22.193282393665,39.178,202.025,-146.922,-11.347,2000.0,1.803777339920047e-08
204,1940954617956840192,359.5280791150781,0.0357458964717624,50.44873033390042,5740.5,1.0239075,HIP118162,359.5283887951269,50.4476783176531,41.6957,-45.801,244.338,4.31,2000.0,9.569680117017249e-09
205,1927184643563033856,359.68530125110453,0.7521933754514264,46.72915122024217,4075.29,0.62846303,HIP118212,359.6812006710607,46.7290936826221,58.4067,652.815,13.347,5.8,2000.0,1.4604806372970737e-07
206,2745473254587427328,359.9492078233872,0.4838924158698109,6.664664068887913,3835.0,,HIP118310,359.94911337574325,6.664155519562853,39.86,-58.32,-168.69,6.49,2000.0,0.0012821145035571
207,2745473254589480960,359.948855902051,0.0316784883100946,6.663436971488817,4550.82,0.71960694,HIP118310,359.94911337574325,6.664155519562853,39.86,-58.32,-168.69,6.49,2000.0,9.033234042026392e-06
208,1022456104850892928,138.59167219880297,0.029117899575776,52.68352106498607,3995.0151,0.5744036,HIP120005,138.6028460872356,52.6863628112122,157.8851,-1573.121,-660.121,12.104,2000.0,1.2227261731339736e-06
209,87921523897823872,38.97325875235508,0.079604838583371,20.219279763542325,3851.7266,,HIP12097,38.9721119985001,20.2198842608431,71.1607,249.929,-140.4,1.002,2000.0,7.750271976240435e-09
210,5171076479048181760,39.89155761093919,0.7280355427690596,-11.873178818387304,6282.5,2.088374,HIP12390,39.8908225535008,-11.8720976755967,42.4864,161.62,-230.53,15.49,2000.0,9.165160942332304e-05
211,2368293487260807040,3.869795093893505,1.5795404854491597,-16.136495069762372,3807.4678,,HIP1242,3.867128741078431,-16.13378620354036,200.53,731.83,-607.73,-26.43,2000.0,0.0005970331671294266
212,5173902189571919872,40.051156672842296,0.2298153051729363,-9.453211006443768,6237.0,1.1915553,HIP12444,40.0517588592931,-9.4528711221292,45.6099,-137.964,-78.941,-2.5,2000.0,4.001749532606076e-09
213,18262823713408000,40.06559573232256,0.0812301192650225,6.111944816056053,6665.5,1.5007428,HIP12447,40.0653821873626,6.1119497447183,25.2402,49.316,-1.145,18.2,2000.0,1.210151862197633e-09
214,2502847975056346752,40.824519306307806,0.7877691063358294,3.2351887961928214,6982.0,2.7644982,HIP12706,40.82516289811255,3.235816376495944,40.97,-146.1,-146.12,-4.9,2000.0,1.3610946774916516e-05
215,84675937371332608,40.83910180283584,0.1593411808647959,19.42918797736012,4613.8667,0.7551523,HIP12709,40.8370214710416,19.429175713919,53.5579,455.659,2.846,31.28,2000.0,5.5337151305894626e-08
216,438829629113960704,41.05215123914001,0.2868725005912202,49.22806439016316,6282.5,1.3403078,HIP12777,41.049946008333336,49.22844753333333,89.87,334.66,-89.99,24.394,2000.0,4.381157472140755e-06
217,114207651462714880,41.06874874637153,0.0532089272605585,25.521801507426662,3775.51,,HIP12781,41.064622574499,25.5233658414412,130.187,864.812,-363.343,30.576,2000.0,2.852593526537689e-07
218,21859669845327488,41.236790777908254,0.3747651641531493,10.113967391575606,6906.0,2.3825865,HIP12828,41.23558742625001,10.114141364722222,38.8,282.7,-32.53,30.4,2000.0,4.697630321031487e-05
219,25792554218535296,41.24046108482011,0.2908180382170972,12.44538459168579,7510.25,1.8914338,HIP12832,41.2399259419968,12.445755657282,25.8007,121.37,-86.183,-1.5,2000.0,2.521745006695122e-09
220,5129338021224785408,41.27727509383632,0.5639535633427283,-18.572415362751237,6309.0,1.3999828,HIP12843,41.275847669024,-18.5726329527701,70.7449,314.265,50.538,25.9,2000.0,4.1192028981468264e-08
221,114832620743735808,42.03948089107435,0.0389296466931055,27.06812841985696,5330.0,0.80037725,HIP13081,42.0381272100208,27.0686414145167,43.4108,279.962,-119.148,9.11,2000.0,2.3698425538931583e-08
222,5160075762132996992,43.13562162144204,0.0388971433343353,-12.770528317942771,5178.0,0.7948403,HIP13402,43.1338674390401,-12.7697140692952,96.54,397.346,-189.114,17.92,2000.0,5.463375256398623e-08
223,34959010860594176,43.823439739152086,0.0556961319411619,16.308989670523975,5608.0,0.89278185,HIP13601,43.8225231633077,16.309190312309,37.2249,204.316,-46.601,-1.291,2000.0,3.586496759686536e-09
224,116037204451525376,43.9140247573746,0.0398642828294391,26.872382875981287,5058.5,0.9035342,HIP13642,43.91274425536564,26.873210719140697,42.57,264.78,-193.91,32.2,2000.0,7.378959405043609e-06
225,116037371954842240,43.91303914535096,0.0710359408025223,26.871381617175487,4068.905,0.69682485,HIP13642,43.91274425536564,26.873210719140697,42.57,264.78,-193.91,32.2,2000.0,0.0013257210140911
226,466417441010173568,43.98848290489483,0.0755499557112255,61.521271105105725,6435.0,1.4963448,HIP13665,43.9871697888001,61.5211381046903,37.4318,145.426,30.889,28.917,2000.0,1.645917489388631e-08
227,108421608959951488,44.5228321216185,0.074248286592826,20.6685978498407,6649.3335,1.536534,HIP13834,44.5217554919028,20.6687325843237,30.6237,233.962,-31.294,27.043,2000.0,1.3147885869459365e-08
228,466294295706341760,46.046714035199294,0.0244993190298494,61.7028440436182,5727.0,1.0534623,HIP14286,46.04014367704875,61.70582203989333,42.3978,723.331,-691.7,-2.36,2000.0,4.343922692794621e-07
229,5179806085976425984,46.06911345497778,0.1152185484711962,-7.600778957873587,7661.0,1.9644152,HIP14293,46.0688206933433,-7.6008547764234,22.9691,67.399,17.609,15.0,2000.0,2.471533909957381e-09
230,239863001382455424,47.04222797272186,0.5511814446477498,40.95564357022187,4388.1997,,HIP14576,47.04221855625,40.95564667027778,36.27,2.99,-1.66,4.0,2000.0,7.041393045609424e-06
231,2752746111688997248,4.56913512773437,0.0617438957511085,10.2026622865857,3860.0,,HIP1463,4.5691246931203,10.2027885167591,59.5952,2.385,-29.318,-15.1,2000.0,2.0363963925933973e-09
232,436648129326142336,47.275134511686325,0.2217813120786171,49.61288637135178,6005.25,1.4374698,HIP14632,47.26674942875,49.61327767722222,94.87,1262.41,-91.5,49.461,2000.0,3.472120067862953e-06
233,433103132036857856,47.375188018581625,0.2291166062992023,44.85686162995094,4741.0,9.676918,HIP14668,47.374048155833336,44.857540649166666,28.93,172.99,-143.4,29.4,2000.0,8.826335224182984e-05
234,434690036554889856,47.37577891101095,0.7159599724231341,45.73136705100375,3891.7324,0.6380404,HIP14669,47.3783830664619,45.7330078760372,57.1088,-422.179,-381.103,-8.3,2000.0,8.361696008198658e-08
235,378607281313491328,4.581555465168284,0.4772069027919627,36.78504269016301,9583.667,,HIP1473,4.581906062083333,36.78522518166666,24.2,-65.67,-42.0,-8.2,2000.0,2.565061092766128e-06
236,547825694242685184,47.98468137545759,0.1370397654490361,74.39328442928317,9141.0,,HIP14862,47.9844590019619,74.393657504425,19.9554,13.895,-86.65,11.9,2000.0,2.786639603687257e-10
237,5166714578981717632,48.95842802126154,0.2153878016367325,-8.819530626246987,7246.0,2.2192132,HIP15197,48.9584390381185,-8.8197295126731,28.3381,-2.528,46.193,-5.8,2000.0,2.2114644064741353e-09
238,461701979229013376,49.06125879563263,0.0328816907594809,58.16597304510724,3723.0,,HIP15220,49.05755907976227,58.16738321579445,69.51,428.87,-323.65,21.2,2000.0,0.00010628656298063853
239,5105133853288251392,49.672030141173366,0.0627555089953643,-18.560064037824805,6899.0,1.5219202,HIP15411,49.67145754718807,-18.55979194375393,27.05,125.78,-62.51,15.2,2000.0,3.215446389674646e-06
240,3269362645115584640,49.841563537180896,0.2251715750478493,3.370603059060248,5748.5,0.95789254,HIP15457,49.840401335416665,3.3701986497222225,109.41,269.3,93.75,19.359,2000.0,1.076385604948893e-06
241,567659818855055488,50.35088814351196,0.0327711281863255,79.96850441975054,3800.0203,,HIP15638,50.340747522134,79.9672652323826,71.7575,410.315,287.78,-13.237,2000.0,3.823396909644043e-07
242,241279069280395904,50.36030030815312,0.2088620607229172,43.32964678049648,8864.333,,HIP15648,50.3606551305209,43.3296503903749,21.8865,-59.947,-0.839,-9.0,2000.0,3.5558261698088892e-09
243,443016706832479488,50.4759681547815,0.0362063641194365,52.33038242269178,4669.988,0.63026404,HIP15673,50.4781516205297,52.33152165196,41.7372,-309.901,-264.6,-39.99,2000.0,7.100409880729732e-08
244,241393040535105280,50.89023341935568,0.0335591464539977,43.95584635479588,4843.5938,0.64996916,HIP15797,50.8895252256385,43.9572854540254,37.6076,118.404,-334.241,7.54,2000.0,2.090289325978545e-08
245,5101578445000656128,51.97082809212773,0.655840756650377,-19.80315980105217,4144.9497,,HIP16134,51.96835847044505,-19.804483578400863,80.04,536.78,303.39,34.35,2000.0,2.1572515540322e-05
246,241996500618616960,53.10908413478504,0.0824112610185179,46.05653936867734,6546.0,2.2780857,HIP16499,53.1094119132375,46.0568619204592,26.9895,-52.829,-74.915,-49.0,2000.0,6.373919401353906e-09
247,2430036837596487424,5.305588587314166,0.0423974480149481,-8.281144249090133,4445.0,22.816832,HIP1692,5.3055299951125,-8.281157609805279,1.2998,13.467,3.103,18.216,2000.0,1.719616958192784e-09
248,3247680138377334912,54.7545843928197,0.036381646920982,-5.627112167677908,5047.0,2.9841487,HIP17027,54.7546520211457,-5.626212857035,28.7688,-15.632,-208.872,40.3,2000.0,1.719207854768632e-08
249,2853900872207150720,0.546584867612006,0.7703221493859859,27.077778822999367,5570.0,0.93720734,HIP171,0.5430880802395832,27.081799107984445,79.0696,723.11,-933.754,-36.22,2000.0,2.720720034947421e-07
250,3250489115708824064,55.09491763711858,0.0635942840242033,-3.2178979518637942,5912.0,1.0648658,HIP17147,55.091939259796,-3.2169791026914,38.1985,690.662,-213.409,120.352,2000.0,2.274657342425959e-07
251,43335537119008896,55.9392323792583,0.0409437941732222,16.665933301572416,3892.5,,HIP17405,55.9385302909146,16.6672692766052,58.007,156.215,-310.291,34.67,2000.0,4.82416269485187e-08
252,43335880716390784,55.9697273173385,0.0395565911214197,16.670667262822363,4064.6667,0.5443741,HIP17414,55.9690174339539,16.6720292205108,58.1097,157.945,-316.326,34.82,2000.0,4.934296722498143e-08
253,70051608089857536,56.58577328078651,0.0682224670540293,26.214660370916175,4055.55,0.53770465,HIP17609,56.5839163110976,26.2155060816761,69.4494,386.933,-196.426,35.7,2000.0,7.624326352994336e-08
254,493650660400463488,57.005787160625296,0.0192931009790327,68.67397115150796,4221.8003,0.61664885,HIP17749,57.0043097208638,68.6728922013283,55.8339,124.8,250.593,2.475,2000.0,3.0236142404874555e-08
255,2423493369021649920,5.717522590240169,0.0420297493970997,-12.209173895551343,5760.9,1.0504295,HIP1803,5.7157847162196,-12.2094367708036,46.9258,394.506,61.056,-2.403,2000.0,1.1279391380321931e-08
256,3244915072792668416,58.64775092706527,0.0399403757939752,-6.823744488061982,4217.357,0.6357073,HIP18280,58.6477755897279,-6.8260147641867,63.7059,-5.687,527.29,62.648,2000.0,1.4340991166400245e-07
257,3256334497479041024,59.36877949125448,0.0366058868251084,-1.16007930445156,4640.51,0.6611194,HIP18512,59.3695788391016,-1.1594643180989,65.355,-185.616,-142.835,3.64,2000.0,8.480344064943506e-09
258,3297007356736453376,60.78910159287813,0.3148649848525391,5.989283719008918,7836.0,2.8738332,HIP18907,60.78908192916666,5.989299768333334,27.89,4.72,-3.78,-5.7,2000.0,7.984657039635369e-07
259,3298631404130765568,60.98655919824094,0.1157767703442078,8.197380832821766,6758.5,1.8624512,HIP18975,60.9858421667324,8.1972660082313,28.6964,164.835,26.669,38.2,2000.0,1.17399199118831e-08
260,53112944270520832,61.33520829695847,0.0674239205967492,22.00834244995069,5843.0,1.0087265,HIP19076,61.33441015150551,22.0089044315514,59.1895,171.867,-130.525,23.97,2000.0,2.0222763646854722e-08
261,164262059326729088,61.7514525120725,0.1325720689641332,29.001342959037736,6885.0,1.5905368,HIP19205,61.751904037736495,29.0013078939975,36.2231,-91.4,7.58,9.15,2000.0,2.795573816842655e-06
262,225709641030792448,61.89401533171409,0.212001003139261,38.07434940238184,,,HIP19255,61.89314200014379,38.07454258543677,49.06,174.51,-224.16,26.54,2000.0,0.0007745697949023105
263,225709641034907264,61.894117944354434,0.0480546319974076,38.073580519674536,5226.0,0.90440387,HIP19255,61.89314200014379,38.07454258543677,49.06,174.51,-224.16,26.54,2000.0,1.7208036214938012e-05
264,225668198891010560,62.153472643800825,0.0968262302621482,38.03887137506718,6247.5,1.3140604,HIP19335,62.152570070171095,38.0397377318968,46.9153,164.848,-201.399,26.196,2000.0,1.3494835723995775e-06
265,170639948323693952,62.15855404988322,0.0369105345196953,33.63757926689061,3987.0,,HIP19337,62.1558290007145,33.6370368353611,71.813,526.983,126.006,34.943,2000.0,1.1115265924450312e-07
266,2746883550048724992,0.6233502191551654,0.3439702507567556,8.485261559291118,7114.0,1.5909553,HIP194,0.6237579854166666,8.485463141944443,27.1,-94.1,-47.42,9.2,2000.0,3.1788261505119587e-06
267,3284773915487855488,62.8351492715587,0.0661802828773362,5.523081467158537,6898.0,1.6975664,HIP19554,62.83450971654539,5.5230520933949,26.6636,147.852,6.822,37.487,2000.0,1.1163375320252852e-08
268,494177257749671936,63.17446419128182,0.0180927738929082,70.20170867140843,4292.1475,0.68579465,HIP19655,63.1757154512922,70.2015666338278,38.6848,-98.435,32.988,-10.102,2000.0,1.1078823868558916e-08
269,3297674347977307136,63.38792410245553,0.3800223534452298,7.716074692556467,6695.0,2.3789818,HIP19719,63.3879166585641,7.7160984501805,25.2041,1.713,-5.518,2.4,2000.0,1.1563143429082442e-09
270,3203456956075394944,63.79006759337942,0.1873076483075373,-4.418690990956441,4806.885,0.7944024,HIP19832,63.789726776911,-4.4184392063097,28.5012,90.33,-96.25,25.23,2000.0,0.00016987476362086376
271,3285218255623808640,63.857005742490045,0.0373941448079004,6.199170431005572,5648.0,0.88852763,HIP19855,63.85744646268161,6.1996525731135,45.2404,-101.763,-111.982,-7.93,2000.0,7.911203519824589e-09
272,3285218186904332288,63.86952698211366,0.0442785384618302,6.186398806400143,6052.0,1.0102971,HIP19859,63.8700020651158,6.1868610824161,45.2758,-109.7,-107.368,-7.24,2000.0,7.773679951367825e-09
273,177425034575534464,64.13593831654052,0.0551394027543366,36.50085133242247,4969.7075,0.7647268,HIP19930,64.1360611844637,36.5018261380401,40.7698,-22.939,-226.406,29.66,2000.0,2.099289079307079e-08
274,2341871673090078592,0.0050933056247535,0.2672108205271016,-19.49884041932724,4845.545,0.8523182,HIP2,0.0043464248347,-19.498830246838,25.1208,163.52,-2.362,0.0,2000.0,4.528041306594925e-09
275,3310634944368705664,64.99094772725788,0.1752763521099054,14.035122317501056,7400.37,1.8946091,HIP20219,64.9904356455334,14.0352054116751,21.9748,115.385,-19.299,42.0,2000.0,5.7503845913760635e-09
276,3311883817778820480,65.15177676579246,0.2104871770538603,15.095361646587934,7664.5,2.1203494,HIP20261,65.1512905182878,15.0954533857217,21.3391,109.038,-21.307,36.2,2000.0,5.636653894643896e-09
277,3313978112552491136,66.02450502015766,0.1909049782102694,17.443989725755902,8174.0,,HIP20542,66.0240051212644,17.4441325328018,21.6697,110.766,-33.168,38.8,2000.0,6.1862943645987885e-09
278,145674574739951872,66.34283716887137,0.296569123562268,22.293679653133324,7847.6665,3.305908,HIP20635,66.34235438583335,22.2938715375,21.19,105.1,-45.04,37.3,2000.0,6.1587740554623e-06
279,145484629809228544,66.35475274052254,0.217828326168218,22.19979794375175,7475.75,2.121842,HIP20641,66.3542366991092,22.2000016232817,22.1429,110.97,-47.306,32.0,2000.0,6.570882596156084e-09
280,3314063977537054336,66.37268639714135,40.30165707511992,17.927889718262733,5095.6333,,HIP20648,66.37243082441552,17.92790496841801,21.96,107.6,-34.54,39.418,2000.0,0.0002574094954897846
281,3314063977537054464,66.37276459522252,0.8408257524241334,17.928252690038093,5651.955,,HIP20648,66.37243082441552,17.92790496841801,21.96,107.6,-34.54,39.418,2000.0,0.0005173752793816724
282,3314063977537054208,66.37292139209056,0.5366422174707441,17.927773011460427,8947.667,,HIP20648,66.37243082441552,17.92790496841801,21.96,107.6,-34.54,39.418,2000.0,1.711244422150417e-05
283,3312759303911629952,66.58693600670517,0.3336458936132731,15.618210573808309,7114.0,3.388046,HIP20713,66.5865542458033,15.6182745907241,22.4141,85.393,-14.869,38.3,2000.0,6.1440373162559145e-09
284,145391484855481344,67.00371134679743,0.0898531093134705,21.61972151814295,7435.0,1.932023,HIP20842,67.0032638868763,21.6199034769511,19.9767,96.615,-42.262,37.9,2000.0,4.836582707361344e-09
285,3307650109600736000,67.20947489647735,0.1431355244858996,13.047537872988826,7814.3335,2.361986,HIP20901,67.2090158449306,13.0476042787042,20.5887,103.866,-15.423,37.3,2000.0,5.1013631612755335e-09
286,3312849326426255616,67.64060589162723,0.2032186495384056,16.193904215762856,8041.5,,HIP21029,67.6401377199535,16.1940172534494,22.0357,104.422,-26.254,38.1,2000.0,7.483194175492341e-09
287,3307782570688378496,67.6561511367137,0.1098788985879997,13.724319458651472,7410.25,2.1047683,HIP21036,67.6556774736377,13.7244027891201,21.347,106.871,-19.354,38.8,2000.0,6.452225628924489e-09
288,3307782566392410368,67.65508795473603,1.462994038333303,13.725224186568086,4514.3066,,HIP21036,67.6556774736377,13.7244027891201,21.347,106.871,-19.354,38.8,2000.0,0.0013730417431672
289,3312628358950130176,67.66250080745456,0.1228254054504981,15.69177303175288,7659.0,1.9077369,HIP21039,67.6620382553829,15.6918784948651,21.3558,103.427,-24.495,40.02,2000.0,8.3847620057726e-09
290,530158019855216896,6.717855293735733,0.0214357999139671,70.14179221050321,3969.5698,,HIP2120,6.7195917778174,70.1424216923291,61.8444,-136.999,-146.205,-2.971,2000.0,2.6221286738078258e-08
291,3309419984020071552,68.46261629353143,0.6870204256435649,14.844323075636645,7343.105,2.8889036,HIP21273,68.46216402095001,14.844426797946667,20.61,101.538,-24.09,33.3,2000.0,5.8748356084952295e-09
292,3293714285051109504,68.91382481561335,0.7830848400252732,10.160616990497989,6607.0,5.445637,HIP21402,68.913563735333,10.1607670828146,19.0381,43.13,-52.71,23.97,2000.0,0.0001048249925362134
293,151650076838458112,69.20213219455724,0.0638985995972788,27.131556171687137,4633.19,0.7414686,HIP21482,69.20100557086417,27.13219397550333,57.1046,232.873,-148.136,35.51,2000.0,3.8540799587241715e-08
294,3205095125321700480,69.40074243851966,0.1066559375474852,-2.473824510407968,7190.1,1.5553048,HIP21547,69.40055129919459,-2.4735496741488894,33.577,44.352,-63.833,12.6,2000.0,2.938616979593617e-09
295,3306483944376792832,69.53988625855982,0.2757624757564456,12.51077298837807,7941.3335,2.9731097,HIP21589,69.5394235687195,12.5108310618623,22.6374,104.912,-13.488,40.3,2000.0,5.526125039966804e-09
296,3174163561127715328,69.54474477885162,0.2140993130017595,-14.304688031933312,4574.6665,11.051458,HIP21594,69.54510040170459,-14.304023184842224,28.0378,-80.036,-154.416,43.33,2000.0,1.411387572144668e-08
297,3309925278333043328,69.7885860167866,0.2293486808390993,15.799561052498335,8541.0,,HIP21673,69.7884033031576,15.7998035067173,17.4023,40.833,-56.312,18.8,2000.0,3.0385786312195967e-09
298,3309979154400870400,69.81912604339533,0.872076856350023,15.917888265266392,7614.25,2.998717,HIP21683,69.81875960416667,15.917973041944444,20.97,83.17,-20.97,40.8,2000.0,7.92760747698437e-06
299,3411339626673664000,70.32748371951253,0.04651308203865,20.900418047106697,4507.75,0.66203046,HIP21818,70.3285639326502,20.9015133196549,75.5395,-234.243,-254.233,1.01,2000.0,8.838275319508747e-07
300,3294081521934473216,71.10805261070989,0.1551214774651443,11.146074179118944,7488.5674,2.0175543,HIP22044,71.1076189780934,11.1461382478033,22.006,98.815,-14.881,39.6,2000.0,5.894340117126366e-09
301,2980492387558410112,71.90180173768945,0.0498275505766903,-16.93372662438821,5867.0,0.96378905,HIP22263,71.9012156698201,-16.934456090932,75.5213,130.04,169.27,21.72,2000.0,1.035012971344542e-06
302,277676649371573504,72.00155272552065,0.1602181441168338,56.756571514976805,7474.25,2.5677588,HIP22287,72.0011400861415,56.7571780532616,18.246,52.538,-140.874,22.5,2000.0,4.055298615539194e-09
303,3181588219554237184,72.00511748557474,0.0263802775015945,-10.934115135090629,4472.56,0.6755032,HIP22288,72.0047565434487,-10.9336460161236,37.7399,82.348,-108.923,27.03,2000.0,2.2018002685159477e-07
304,551765484922976000,72.21046920674272,0.0473751600879948,75.94064354502798,7239.6,1.7227063,HIP22361,72.2098013919287,75.941220860142,21.0498,37.678,-134.086,-6.0,2000.0,5.440887234717363e-09
305,3288921720024442496,72.46205873889723,0.3281662284574945,6.961329039476517,5980.0,1.6415254,HIP22449,72.46004544041666,6.961274526111112,123.94,464.06,11.21,22.411,2000.0,6.275118672591493e-06
306,478737331356716800,72.60663662086023,0.0245304001012085,63.3320892532014,4259.31,0.7244263,HIP22498,72.6045415833553,63.3329475610304,35.529,218.381,-199.35,24.989,2000.0,5.4059403148401946e-08
307,3413174741644826112,73.27039448213021,0.052671759915587,22.23459456333938,4879.533,0.6864071,HIP22715,73.2697121010833,22.2351669801672,37.8654,147.494,-132.221,26.24,2000.0,4.622556343778434e-06
308,3413174711580137728,73.2696095589047,1.0538487713474656,22.233853429412868,4153.0,,HIP22715,73.2697121010833,22.2351669801672,37.8654,147.494,-132.221,26.24,2000.0,0.0010424846243316
309,256487136159035136,74.71147781523784,0.0526166592851462,49.84879993157133,3943.715,0.61783904,HIP23147,74.7107282981073,49.8492870661492,60.168,112.221,-113.151,-33.79,2000.0,1.212363745022017e-07
310,198776553956317312,74.8144528631446,0.2177576311148917,37.88982424470101,9518.0,,HIP23179,74.81420991712125,37.8902459449,20.1236,44.531,-97.943,7.7,2000.0,2.2545403938245604e-09
311,198776553956316928,74.81457710432124,0.0548318995364345,37.891138895526,6266.0,1.0407921,HIP23179,74.81420991712125,37.8902459449,20.1236,44.531,-97.943,7.7,2000.0,0.001318300250996
312,3225408155967879296,75.1658086966413,0.0507383632773805,-2.066039880378152,7189.033,1.5310129,HIP23296,75.1658653511809,-2.0660305890883,20.4302,-13.15,-2.158,24.32,2000.0,1.0399941324789248e-10
313,3409207536188836352,75.77425582871433,0.260754186407992,21.589784786881445,7985.75,3.0590048,HIP23497,75.7739398445388,21.5899626864141,18.4194,68.241,-41.319,38.3,2000.0,3.2596700593592213e-09
314,265722999470245632,76.67095836675384,0.0766028748760601,51.59744862114324,4947.0,,HIP23783,76.66929729536083,51.597723579452506,37.4269,-28.979,-172.22,-0.9,2000.0,0.0012471557782371
315,265722999473092608,76.66909643607433,0.1522750230151788,51.59698207773407,6998.0,1.6722838,HIP23783,76.66929729536083,51.597723579452506,37.4269,-28.979,-172.22,-0.9,2000.0,1.8261795943974878e-09
316,3211922714572732160,76.96201217766374,0.5952833287648104,-5.08679980559722,,,HIP23875,76.96243955494711,-5.086445970102491,36.5,-82.82,-75.39,-6.0,2000.0,7.503758041168183e-05
317,3212075924646082176,77.18231231048561,0.1137895071367754,-4.456138323759222,6410.0,1.7811378,HIP23941,77.1820768694308,-4.4562057003856,39.8072,54.518,15.649,10.181,2000.0,8.409964536932004e-10
318,187247281185703296,78.3219142265291,0.0484201887213174,37.336722430756,6128.6665,1.0921389,HIP24332,78.3226979346385,37.3373120698498,37.6462,-143.883,-135.77,-1.705,2000.0,6.228847504069199e-06
319,188206261484037504,78.35706092539876,0.4018393468933674,38.48417337339984,7114.0,3.1536937,HIP24340,78.3571684290119,38.4844853385411,20.7218,-19.18,-72.93,26.0,2000.0,2.572463159503305e-06
320,3233691292456404992,78.7015419669558,0.0283816070461273,0.6600514983809912,4470.425,0.59065557,HIP24454,78.7005434168198,0.661966637296,34.5432,231.904,-444.803,12.76,2000.0,3.205503053079781e-08
321,2983256662868370048,79.99879358814023,0.0490132699505442,-15.837761299735998,5095.6333,,HIP24874,79.9982376629869,-15.8396456189182,42.0225,173.571,207.558,-14.3,2000.0,0.0010131933415999
322,2983256662869643776,79.99901447174994,0.022662102743166,-15.838751974348035,4751.0723,0.69112843,HIP24874,79.9982376629869,-15.8396456189182,42.0225,173.571,207.558,-14.3,2000.0,2.071755490123873e-08
323,553480551264062848,80.63789794941198,0.1194944970897271,79.23184875163679,6396.3335,1.5076891,HIP25110,80.63970420386957,79.2311507382064,47.6977,-78.386,162.118,-10.934,2000.0,2.648016176271317e-08
324,3400292798990117888,81.10722709354131,0.1582037010497213,17.38350429150057,6171.0,1.1929284,HIP25278,81.1060957388926,17.3835358558134,68.5628,250.765,-7.332,37.7,2000.0,4.3592822038619946e-08
325,3009908378049913216,81.76992160203145,0.0226723090526496,-11.901175157104168,6080.0,1.2050762,HIP25486,81.7698465381619,-11.9009628298519,37.2061,17.059,-49.315,20.61,2000.0,3.094181711501892e-09
326,527956488339113472,8.142401785510376,0.2355926098894301,67.23437671109015,3836.5024,,HIP2552,8.122637538051292,67.2356704918527,99.35,1738.21,-224.11,2.5,2000.0,0.0003664428038224038
327,3209938366665770752,82.86743509253861,0.0471277699382044,-3.686237030082108,3885.065,0.5542306,HIP25878,82.8641493647043,-3.6772282088376,175.4287,761.561,-2092.422,8.631,2000.0,6.56597751842278e-08
328,3334901543951751808,84.22704820924653,0.3122252514906606,9.289357678762215,4730.0,8.695508,HIP26366,84.22661744124997,9.290669320277775,27.76,97.24,-305.57,99.083,2000.0,7.576031986896681e-06
329,3016083407149428096,84.7211129779244,0.2250796884287764,-7.21304200656504,8023.3335,,HIP26563,84.721180517383,-7.2128240901792,23.1346,-15.562,-50.613,-5.3,2000.0,2.0970932508652157e-09
330,3215795435043618432,84.87977553086037,0.0478863921283162,-3.5646947376889626,7070.75,1.5802014,HIP26624,84.8797938648733,-3.5647023946068,23.8728,-4.4,2.294,21.445,2000.0,2.3119593320025592e-06
331,2996171698248345984,86.73885884433244,0.33668823762211,-14.82195344283765,7038.5,2.5653481,HIP27288,86.73892066124999,-14.821949984166666,46.28,-14.54,-1.07,24.7,2000.0,3.064854459877561e-06
332,2528433919872925312,8.813788668334691,0.4797588892968238,-3.5929209120386734,6083.5,,HIP2762,8.811998673643323,-3.592843523288128,47.05,408.34,-35.22,10.37,2000.0,7.948157488655258e-05
333,2965792913525711104,87.83145436356828,0.3422907447761226,-20.88188115791744,4681.5,10.116541,HIP27654,87.83040052666666,-20.879089764444444,28.68,229.49,-648.41,101.769,2000.0,3.426617248391708e-06
334,3399063235753901952,88.59485055364964,0.2613971374293072,20.275864769716733,6028.3335,1.0145179,HIP27913,88.59576245541668,20.276172788333334,115.43,-162.54,-99.51,-15.48,2000.0,0.00019672900808682744
335,2966316109264052096,88.62607305611543,0.0199351627233385,-19.704447214225944,5575.5,0.74466527,HIP27922,88.62564840099336,-19.70434187546944,42.9636,92.854,-24.466,42.58,2000.0,1.2975515398995476e-08
336,2995725777561177472,89.10103859729013,0.3358294992284605,-14.167100234575928,6559.6665,1.8692356,HIP28103,89.10122085083334,-14.16769969,67.21,-42.06,139.26,-2.14,2000.0,4.383749388102287e-06
337,269067920001221888,89.9073751956594,0.044222247944039,58.59191817286467,3926.51,,HIP28368,89.907299535927,58.593012550612,74.1524,9.157,-254.178,-0.15,2000.0,2.57918634716239e-09
338,3329650894894946816,90.59587404013054,1.2541683867663378,9.64715514790092,7400.75,4.880732,HIP28614,90.59581950434398,9.64727278958238,21.05,10.43,-39.09,0.0,2000.0,5.143097609107367e-05
339,1143321672882274560,92.58427111235216,0.0250204567145931,82.10100187630275,3720.2,,HIP29277,92.5826931548989,82.1067568489994,105.6941,50.249,-1336.283,-1.614,2000.0,1.5951750146671524e-06
340,3374052988354372992,93.71154017980469,0.2067666765148198,19.15566195554782,6489.0,1.3809209,HIP29650,93.71198132021,19.1564474006006,47.8905,-96.785,-182.426,34.375,2000.0,2.3314145842925853e-08
341,1107458592882148096,94.01100225579768,0.0178119573935799,70.7796663485434,5407.0,0.9437095,HIP29761,94.0111674671146,70.7815758951606,38.1628,-12.631,-443.502,19.743,2000.0,4.712024318851599e-08
342,3331979901042416512,94.1112777468866,0.1670634697734813,12.27296611815908,6506.0,1.3827757,HIP29800,94.11091157738,12.2721641457319,51.193,83.102,186.263,8.943,2000.0,1.3234884169383065e-08
343,3317901165746471552,94.31629259348976,0.0995520063503241,5.100691049873877,5907.0,1.2370964,HIP29860,94.3172078996328,5.099976560214,51.8027,-211.744,165.945,8.93,2000.0,1.6209641072448398e-08
344,1004671160675133312,94.90568065877642,0.2928508181935384,59.01108682233956,9319.0,,HIP30060,94.90576908125,59.01096340944444,20.83,-5.35,23.86,-2.0,2000.0,3.055530742470339e-05
345,3124542635730704896,95.05448530402448,0.0452590499258557,2.258490973375419,4229.7134,0.7232969,HIP30112,95.0550185210574,2.2589077359458,37.2254,-123.748,-96.796,31.72,2000.0,1.3189466767411109e-08
346,3131481481815810432,95.94195851631088,0.362521068927494,4.59291408843272,7670.0,2.7672913,HIP30419,95.9420482176731,4.5928574253916,24.2832,-20.767,13.16,13.1,2000.0,2.240305085962966e-09
347,3372159045216183552,96.54212917553902,0.0913820359999155,18.756229785000272,4786.143,1.0142133,HIP30630,96.5427248884822,18.7568846653222,67.7317,-124.02,-159.335,-8.92,2000.0,4.331705922148254e-05
348,3372159045217009920,96.54175831583136,0.4423728257293556,18.756689368677915,4572.525,,HIP30630,96.5427248884822,18.7568846653222,67.7317,-124.02,-159.335,-8.92,2000.0,0.0006214365261830705
349,3375636800495628160,96.94109080218634,0.0515468284628017,20.78296073095465,4704.567,11.738997,HIP30756,96.94111346260124,20.78300265014778,3.0235,-4.921,-9.736,-0.38,2000.0,1.7359094880905502e-09
350,2858629802997462272,9.83256665781884,0.4754552902660472,30.860518094199413,4707.25,,HIP3092,9.831979920416668,30.86102175555556,30.91,114.45,-84.02,-9.88,2000.0,0.0001423229814574544
351,2939555954747554176,99.17127600107128,0.2544757131287639,-19.25618078580275,4735.0,5.3193636,HIP31592,99.17098989833332,-19.255879418055557,50.63,62.57,-69.97,2.57,2000.0,7.066578321318754e-07
352,3359074685047632640,99.2915428652624,0.0440050803563285,17.56626957186195,3984.03,,HIP31635,99.2949955319092,17.5648151181999,99.9164,-764.522,337.802,-58.321,2000.0,3.409648643204217e-07
353,1114998150271095040,99.47666516164338,0.0546427953969621,73.69549332303441,6640.6665,1.5879662,HIP31703,99.478844726078,73.6955448076184,24.0292,-142.117,-11.96,5.7,2000.0,2.1378851991303157e-08
354,369092520004831232,10.207299420083212,0.0829189985283834,40.18429181888828,4999.0,0.83260894,HIP3206,10.2052912922363,40.1871721461014,55.7562,356.305,-668.983,-63.15,2000.0,1.9553544875709803e-07
355,1141280704422528128,101.5566004828179,0.0835374398782815,79.562209943614,6204.5,1.1851103,HIP32439,101.5589542336239,79.5648101981683,54.9292,-99.015,-603.924,15.249,2000.0,1.262711015609101e-07
356,3107091187177468416,102.07928295453488,0.1061568552780796,-1.319074448518898,7164.1665,1.6482105,HIP32617,102.079440653279,-1.3189247007542,24.7901,-36.617,-34.78,-17.2,2000.0,7.903524307629289e-10
357,1003351437484254464,102.48981097498138,0.0323862051086084,60.33731332986864,4389.0,0.6981387,HIP32769,102.4876078077536,60.335545083342,59.1275,253.252,410.685,-52.061,2000.0,1.2210124115894366e-07
358,954713853434626176,102.88341635002408,0.0363530481664927,47.36483389232546,4265.45,0.7172641,HIP32919,102.8849739794998,47.3678194316394,53.5873,-245.02,-693.407,19.371,2000.0,1.2185520688212844e-07
359,3353254695121612032,103.6612962721368,0.7127247360981628,13.177471459875376,6942.0,2.139981,HIP33202,103.66099228198792,13.177845317954445,33.9184,68.745,-86.832,24.0,2000.0,4.897522592576806e-09
360,950395658954590080,104.117820978851,0.0567938605064547,40.07244813169478,4575.51,0.70811355,HIP33373,104.1171642929254,40.0743290545318,39.768,116.71,-436.86,51.346,2000.0,6.492858495224537e-08
361,2949560475474885760,104.60892058806864,0.1367967111556693,-12.992334012045497,4412.0,0.67945385,HIP33560,104.6085329298618,-12.9918561219614,44.4117,87.732,-110.994,-4.53,2000.0,2.8102724559922283e-09
362,1103079616027292416,106.11211829806518,0.0153664016176657,68.28900935406735,3705.2224,,HIP34115,106.1080879204844,68.2887936395344,61.1128,346.285,50.09,-50.513,2000.0,1.2187966191668536e-07
363,3116065985196889216,106.78885213805356,0.2489929573022792,3.4463143803410325,4190.433,0.72179556,HIP34341,106.788810268612,3.4474538888711,38.2618,9.707,-264.663,-18.75,2000.0,2.5691765030477894e-08
364,882872210352301568,107.39685806192006,0.1985694666770762,25.727893537642064,5546.0,0.98985624,HIP34567,107.397457762177,25.7286473082313,39.6916,-125.476,-175.07,-3.65,2000.0,7.3767395054342815e-09
365,870758684589320448,108.4698590180818,0.2407835208930307,25.010485303504197,,,HIP34950,108.4712962891667,25.0113802373604,36.2185,-405.397,-88.61,-54.47,2000.0,0.0006781162654436347
366,870758684590736896,108.4693702100544,0.0483203685597761,25.010998733468018,5085.8667,0.75197345,HIP34950,108.4712962891667,25.0113802373604,36.2185,-405.397,-88.61,-54.47,2000.0,6.119317797060983e-08
367,883439489632629120,109.08222204126037,0.4063249694474715,27.14167188859923,3800.7,,HIP35191,109.0823888160354,27.1425100857414,86.8516,-34.469,-194.678,-8.6,2000.0,9.827518832776224e-09
368,3168265196643176832,109.52303862754744,0.3964549348251951,16.540230717750458,6945.0,3.4303749,HIP35350,109.52325051154207,16.54038789957611,32.33,-44.43,-36.61,-7.4,2000.0,1.1828076013727211e-05
369,866177431953646464,110.03059850242715,0.6905858297883356,21.982240125880548,6300.0,2.6738093,HIP35550,110.03074909541668,21.982316039166665,53.94,-15.13,-9.79,4.1,2000.0,8.179501905175908e-05
370,974158613492226816,110.32262035253646,0.0696972258427056,45.22822069688249,7041.41,1.5831335,HIP35643,110.3229147876841,45.2281762330624,26.9953,-48.162,10.327,25.1,2000.0,4.378241907892509e-09
371,974536192658255104,110.8113143249128,0.0321373512003082,46.08638801988958,3856.75,0.5132613,HIP35821,110.8120630214749,46.0874126170361,58.9849,-120.604,-237.972,-31.71,2000.0,3.797701337427376e-08
372,3163201979956736000,110.9464816473096,0.0447352256308046,12.962888905296436,4882.9,0.81678843,HIP35872,110.9461088985385,12.9647190817446,41.568,84.367,-425.073,37.916,2000.0,4.7953018929013393e-08
373,873035017256115072,111.43105438037618,0.3066439556969548,27.797712785245068,4725.5,11.733642,HIP36046,111.43164715,27.798081346944446,27.1,-122.66,-84.03,7.432,2000.0,7.737435153308581e-06
374,3028470161558479232,111.6108872593674,0.3293924326305507,-15.770748933301675,4564.64,0.6932779,HIP36121,111.6106923943463,-15.7703289833212,38.9022,43.555,-97.537,-4.22,2000.0,2.127964652301554e-09
375,865962683591073408,111.70794420702016,0.0556881167747669,21.53556462749252,6215.3335,1.1987396,HIP36152,111.70940171366529,21.5356523930559,32.3583,-311.963,-21.719,51.363,2000.0,1.3867846047108476e-05
376,892160231748668800,112.27876732141728,0.3304734172177416,31.785417508998066,6725.0,1.8195976,HIP36366,112.27799528660326,31.784549252299783,55.41,159.09,193.29,-3.7,2000.0,4.608204836546621e-05
377,873246776325007232,112.33500458612308,0.1174225757430561,28.11804891598938,8342.667,,HIP36393,112.3351698761387,28.1182767245976,18.591,-33.859,-52.91,35.4,2000.0,4.3957899974608005e-09
378,3053986768423468288,112.35711174615076,0.3897588654166206,-7.550603389747814,6327.25,1.5125259,HIP36399,112.3569207766144,-7.5512361294434,33.6335,43.969,146.958,3.279,2000.0,5.7869691235565025e-09
379,976893923544104576,112.4838937146464,0.0892991943149058,49.67210255322727,6352.3335,1.3109003,HIP36439,112.4831534355845,49.6724615510923,49.0287,111.269,-83.381,-27.389,2000.0,1.4651134564717716e-08
380,985610542491481984,113.84031412392623,0.0408962796996344,54.84977120121608,3668.25,,HIP36915,113.8411632687948,54.8497144940804,78.1854,-113.545,13.17,-15.2,2000.0,1.2860418310474788e-08
381,3060788514846284032,114.02979359164743,0.1967202041253912,-3.11202394586733,4223.3374,,HIP36985,114.0294993657403,-3.1107753767804,71.0791,68.236,-289.99,-17.19,2000.0,2.4318567175650786e-08
382,3135225421986581504,114.84536092967402,0.0419241415190468,2.182607101854487,3909.5024,0.6273408,HIP37288,114.8459946360458,2.183665964552,66.4106,-147.077,-245.929,20.23,2000.0,2.692643441872728e-08
383,878467085734742400,115.82833484296508,0.3772110670700557,28.882522175823325,4474.0,10.246826,HIP37629,115.82802908041668,28.88351171972222,26.08,62.66,-230.32,44.15,2000.0,2.9316455577631123e-06
384,2552925644460225152,12.09900166745446,0.0897196554173577,5.275698037474882,5013.5,0.72806615,HIP3765,12.0957347661402,5.2806137672231,134.499,755.561,-1141.745,-10.165,2000.0,2.6028612096567136e-07
385,3036768068439044608,116.9858599767972,0.1820720564013251,-12.192371279458689,6445.0,1.5296066,HIP38048,116.98632838326166,-12.19270591579028,34.8224,-106.337,77.722,27.2,2000.0,9.311572604341852e-09
386,875071278432954240,117.47936985963258,0.0384825134614656,27.363134229785587,5713.5,0.8966361,HIP38228,117.4794184694598,27.3631829442532,44.607,-10.027,-11.314,-15.856,2000.0,1.6013192489554535e-09
387,984918228123275776,117.77350600599382,0.0573948444877094,54.12947325393882,6434.6665,1.3680581,HIP38325,117.7737968681841,54.1292424129231,33.1905,-39.584,53.615,1.356,2000.0,1.5734444004073691e-09
388,3145477818158061056,118.88093755556235,0.05362697217517,8.862454094762368,6828.0,1.665269,HIP38712,118.8809709059863,8.8628410283465,25.8858,-7.653,-89.868,21.4,2000.0,5.723664388804219e-09
389,922225002820369152,119.55416818532466,0.0493409051098539,41.30073793715854,3676.93,,HIP38956,119.5529244480518,41.3036991255043,113.0897,217.004,-687.761,-21.058,2000.0,1.2350636808235924e-07
390,670853314448533888,119.89222621313868,0.0942178760563372,20.841481460435865,5157.0,0.853829,HIP39064,119.8914026333312,20.8439428489883,42.5416,181.25,-544.95,-27.057,2000.0,0.00011552827183716032
391,2473608009504466688,12.53062157845277,0.1435022863213735,-10.645317285252805,6222.0,1.17109,HIP3909,12.5316191217328,-10.6443291141835,62.9723,-226.91,-229.75,8.155,2000.0,3.5589560915446403e-06
392,2788907296779604864,12.840884657544802,0.043907296411442,18.73809166045755,4350.795,0.70105535,HIP3998,12.8406421601531,18.7392475924062,44.9546,53.336,-268.473,6.657,2000.0,1.2601738534931742e-08
393,2848150288954631296,1.2364660539064845,0.0476198165913132,23.269597394229308,5313.75,0.8244969,HIP400,1.23467311885,23.2696286991325,37.9246,382.548,-7.273,7.577,2000.0,2.5584581341833913e-08
394,5725122999630404096,122.66482748780346,0.0517671715475717,-13.798955536002394,6300.0,1.3657401,HIP40035,122.6659407789451,-13.7992051680177,44.1604,-251.108,57.98,33.033,2000.0,2.5601361040368268e-08
395,1035135776021753088,125.1090479400406,0.0742661770245756,57.7433422014469,6667.0,1.4436165,HIP40875,125.108581834375,57.7432797255067,31.02,57.778,14.51,-14.8,2000.0,3.187840365073448e-09
396,3066513435670258432,126.41484454802097,0.3083041253788496,-3.90652804726904,9118.0,,HIP41307,126.41513337833334,-3.9064216166666665,26.66,-66.43,-23.41,10.0,2000.0,6.03134027945393e-06
397,427322415301550208,13.266876440999797,0.0885239108603127,61.12470154634328,6105.0,1.7375332,HIP4151,13.2674828544246,61.1239727283772,53.1896,-68.016,169.274,20.682,2000.0,1.3509557766053152e-08
398,1092518738120160256,128.64993690478386,0.0623376161398035,65.14482936667459,7874.75,1.8027316,HIP42080,128.6507453022161,65.1451413468465,21.63,-78.918,-72.46,-17.9,2000.0,5.142517874345551e-09
399,594989348593414016,128.96184184501027,0.105353911206185,6.619640577221031,6205.05,1.3466995,HIP42172,128.9624056584817,6.6202169253226,38.0516,-130.077,-133.862,26.61,2000.0,1.2019036695971606e-08
400,386655019234959872,1.300747867015823,0.0373347916953562,45.785915382384346,3892.0,,HIP428,1.2953715719173,45.7865665416143,86.9567,870.753,-151.267,-0.229,2000.0,2.5805718266343026e-07
401,2803936143261926272,13.742713218420372,0.1143400705933726,23.628144881538557,5000.0,3.710311,HIP4288,13.742108691523889,23.6283277402574,26.33,135.43,-48.61,-0.84,2000.0,3.942934550120657e-05
402,2803936138967498624,13.742540922149644,0.0522506288169469,23.62841390761833,5095.6333,,HIP4288,13.742108691523889,23.6283277402574,26.33,135.43,-48.61,-0.84,2000.0,0.0003497233789383092
403,913325109028988288,131.29167735434373,0.0474798392063646,41.66902875062532,4898.5527,0.7230752,HIP42940,131.2933182812763,41.6718350967138,40.0438,-284.687,-651.809,-23.762,2000.0,1.0872923419524857e-07
404,596878550087942400,133.06864273104776,0.1528266599737466,8.062748363337946,,,HIP43557,133.06829409245668,8.062917852904723,43.4489,151.386,-234.797,5.96,2000.0,0.0008955584728269055
405,596878550087942528,133.06895240273593,0.0514763514400939,8.061906921118469,5821.5,1.0203373,HIP43557,133.06829409245668,8.062917852904723,43.4489,151.386,-234.797,5.96,2000.0,7.246515705708139e-09
406,1014058103756663936,134.79905462806383,0.5801143007512328,48.040901377321696,6265.0,2.5773335,HIP44127,134.80189007238187,48.04182614451662,68.92,-441.29,-215.32,9.0,2000.0,4.80518830089673e-06
407,816649002967779584,135.15745215950494,1.0295634212643108,41.78179015028965,5095.6333,,HIP44248,135.15991945021585,41.782945873183664,62.23,-474.31,-204.21,31.39,2000.0,0.0003425789080574184
408,2444348733778920832,1.3338686883958335,0.4408211299983239,-5.707235449864067,4713.5,,HIP443,1.3339246949460375,-5.707618855399103,25.32,-6.54,87.85,-6.56,2000.0,2.8049499507072744e-05
409,364785939116189824,14.189202027125788,0.5251077913966774,38.499485115166536,,,HIP4436,14.188383797083333,38.49934390111111,25.14,153.48,36.49,7.2,2000.0,2.590450712237188e-05
410,532855499837123584,14.276976491264676,0.0250625321884529,69.04244833057284,4769.33,0.609921,HIP4454,14.2683746548959,69.0434541146685,39.8944,714.572,-233.659,-51.296,2000.0,4.993004735133187e-07
411,1016370651588789632,137.21678680549653,0.2007906377899252,51.60450498804848,7172.5,2.021852,HIP44901,137.21774013541668,51.60464804666667,34.7,-136.33,-32.6,-0.1,2000.0,5.78851774698929e-06
412,1068982214258617216,137.59825632900515,0.1165105789283236,67.13363880892847,6315.3335,1.7301929,HIP45038,137.59810822843832,67.13401783939729,49.07,13.13,-90.93,-2.98,2000.0,1.251608469910354e-05
413,1068982214258617856,137.59758368794022,0.0358026682010834,67.13484665027033,4762.615,0.6219094,HIP45038,137.59810822843832,67.13401783939729,49.07,13.13,-90.93,-2.98,2000.0,0.0012477800030363
414,1043382731705599360,137.73035403429682,0.2053594479191107,63.51337058188617,6695.5,2.987287,HIP45075,137.7293352895362,63.5136289822996,26.376,105.526,-60.017,-8.59,2000.0,1.0685695695238946e-08
415,3845263368043086080,138.5916621943736,0.329675457663967,2.3129329752905146,9164.0,,HIP45336,138.5911099772086,2.3143439430416,28.4019,128.152,-327.709,-10.7,2000.0,8.510163821370142e-09
416,1022456139210632064,138.5839157574147,0.0289467545085351,52.68415915741193,4072.1465,0.5601501,HIP45343,138.5948977165475,52.6866091224324,157.8796,-1546.096,-569.127,11.245,2000.0,1.1507916591719292e-06
417,1022858010710856576,139.04755387709707,0.1203449078411378,54.02211735731135,7724.5,1.962096,HIP45493,139.0471982321965,54.0218577297958,27.9407,48.526,60.3,-17.5,2000.0,1.628629373403688e-09
418,810952158347151360,139.7108377839313,0.5907287042722233,36.80205193943468,8531.0,,HIP45688,139.71101600165983,36.8025925152453,26.13,-32.33,-125.64,4.0,2000.0,3.522173748517881e-06
419,810952158347151488,139.71021765465483,0.1109670445830273,36.80152468710412,5409.0,2.5541794,HIP45688,139.71101600165983,36.8025925152453,26.13,-32.33,-125.64,4.0,2000.0,0.0007263945872440198
420,1019361632454363904,140.182095772185,0.0370229212888109,51.26668355405716,6369.0977,1.2857121,HIP45836,140.1823371928046,51.2660644096567,34.1427,-35.085,143.802,-7.79,2000.0,7.439626096615756e-09
421,1124490092418453376,141.7152454610791,0.0183147342504796,75.93385102342845,4393.415,0.7015237,HIP46343,141.7213722711843,75.9342615334066,47.7356,-345.841,-95.363,-6.438,2000.0,1.6221198968634898e-07
422,3837697972130323456,142.2877154672618,0.4711912525727246,-2.7690746105959314,6440.5,1.578337,HIP46509,142.287253740356,-2.7689469402234,56.2938,107.115,-29.652,10.484,2000.0,4.162126116128416e-09
423,5690031948585514496,142.8341789287464,2.404346228268655,-13.488588707543045,3974.673,,HIP46706,142.83090011432452,-13.488593193513886,99.88,692.52,104.68,9.2,2000.0,0.0004917962819868745
424,1064092789128664960,142.88314180684677,0.175892364842408,63.061975582064456,6450.0,3.2673116,HIP46733,142.8821197175,63.06186148305555,41.99,107.99,27.15,-10.4,2000.0,3.39384096305116e-06
425,1018776176871826048,143.20775047522528,0.4078514761911445,51.67498131593744,4710.0,,HIP46853,143.21430789125,51.67730030611111,74.19,-947.46,-535.6,14.356,2000.0,1.815021327766352e-05
426,798068905726303232,143.9107352250025,0.1754521158209987,35.80901718346103,5661.0,0.93610704,HIP47080,143.9145908555758,35.810134463954,89.2581,-726.201,-259.506,14.42,2000.0,1.8841846484840562e-07
427,2473055951588089088,15.58817332725044,0.0291723274899673,-10.424620838639754,4095.7524,0.60399944,HIP4845,15.588059673226498,-10.4238595004559,47.3703,25.961,-176.827,8.912,2000.0,5.324985904556702e-09
428,2552288133874677760,15.603735752453757,0.3885657296818532,5.06248962829555,4753.16,0.5549585,HIP4849,15.60238636662944,5.061448327614681,47.3,341.34,221.65,22.17,2000.0,0.0001527114398483643
429,533621859441169920,15.658240192738074,0.0279534238632366,71.67817353188352,3786.0,,HIP4856,15.634312861011102,71.6798150826428,121.4237,1746.814,-381.61,1.521,2000.0,3.0533491551373936e-06
430,522863309964987520,15.668732122677726,0.0206713425924907,62.345438640312125,3777.0,0.5117337,HIP4872,15.6619499702394,62.3450480102981,101.465,731.135,90.69,-5.974,2000.0,3.3758548078028374e-07
431,806628225792165888,149.42039530729852,0.0980573044562431,41.05552052576923,6398.5,2.057735,HIP48833,149.4210593071257,41.0556315707706,34.7108,-116.293,-25.792,-9.8,2000.0,7.541537657652767e-09
432,532870034006715264,15.741150057287756,0.0276118986232343,69.22643103603583,5458.5,0.83227414,HIP4907,15.738427906205102,69.2270632383508,37.8145,224.237,-146.841,-19.819,2000.0,5.889276368921645e-08
433,746545172372256384,150.25005404897482,0.1281685122934149,31.92182159077525,5832.0,1.1615477,HIP49081,150.2527365830305,31.9236713468053,66.9958,-528.807,-429.627,55.96,2000.0,1.9085522940096995e-07
434,5686377893489291136,150.40427181222842,0.0430900214949075,-15.424656531268864,4768.447,0.74643064,HIP49127,150.4053950662295,-15.4247837566383,39.622,-251.485,29.549,19.33,2000.0,2.607430838656223e-08
435,805881210721445504,154.2731843984492,0.4433285806805164,42.91419897316799,7169.0,3.7967288,HIP50372,154.27405688542598,42.9143794919523,31.7775,-148.409,-41.928,18.1,2000.0,1.1408478038252922e-08
436,725398123501434496,154.30864142240904,0.1380055890639638,23.10579563796028,6218.5,1.212324,HIP50384,154.31057571058,23.10621873031639,44.7794,-413.214,-98.269,37.184,2000.0,5.5279181794606494e-08
437,805878358863149952,154.6359947044045,0.0246390490067284,43.04810447697638,5145.0,2.3170807,HIP50485,154.636729432574,43.0484442377814,27.4119,-124.705,-78.913,-8.659,2000.0,7.205692004686381e-09
438,2783518418493208832,16.374679623145322,0.0373617564979581,15.389201636271636,4727.95,0.6749612,HIP5110,16.374646050458832,15.390065422310991,37.83,8.85,-195.16,-5.68,2000.0,2.420039380153428e-05
439,1147856436791843456,157.4172172496501,0.3836813011061394,84.25183772814667,7528.3335,1.7936746,HIP51384,157.4234569110575,84.2519302374486,23.049,-145.145,-21.494,3.5,2000.0,6.899545777620766e-08
440,853819947756949120,157.6552178980046,0.0962794592454803,55.98039821047475,6183.3335,1.1379781,HIP51459,157.6565848660619,55.9805378935249,77.4346,-177.627,-32.444,8.51,2000.0,1.7032576427339522e-08
441,1146337324038514176,157.76675104341118,0.2526605985610045,82.55873799954749,6602.0,1.4017189,HIP51502,157.76892509381076,82.5586821008798,43.9944,-65.395,12.982,7.9,2000.0,9.55904268851643e-09
442,756291174721509376,158.30710386725968,0.2103197541752194,40.42555369731701,7647.6665,1.9703542,HIP51658,158.3078849650488,40.425540038276,29.8168,-138.103,3.172,9.0,2000.0,5.121745911852845e-09
443,423075173680043904,1.5678452528043536,0.0343636441169858,58.43685660972492,5694.5,1.0744475,HIP518,1.565892167945309,58.43672797620039,46.56,247.24,15.68,-13.79,2000.0,7.428546026231087e-05
444,423075173674854528,1.5678035512085362,0.205303601267755,58.43728610559229,5095.6333,,HIP518,1.565892167945309,58.43672797620039,46.56,247.24,15.68,-13.79,2000.0,0.0004947933502132102
445,1147862174868109184,158.79782721226348,0.0293343261188412,84.39952775999087,5305.3335,0.85255307,HIP51819,158.7969564832493,84.3993218423694,47.3006,19.682,47.949,9.657,2000.0,5.769415345534695e-07
446,3754435186374119424,159.13610145141104,0.1186382295395364,-12.233019196195542,6167.6665,1.4414113,HIP51933,159.1349247342176,-12.2301222334051,40.3975,267.1,-672.845,-6.142,2000.0,2.6524708312518567e-08
447,3805647792295621376,160.35017740918212,0.0392069265877805,-1.7420059906341965,5119.6665,2.7054024,HIP52316,160.3507746697413,-1.7414906153363,26.5246,-138.655,-119.7,42.789,2000.0,1.2847847127798852e-08
448,724786936769969664,160.75736802019364,0.1136204950393272,26.3252812715322,7712.0,1.8310398,HIP52422,160.7578392947263,26.3255639600442,21.4887,-98.105,-65.657,10.0,2000.0,4.124157363845468e-09
449,829776725129940480,160.8853648809455,0.1167337276144879,46.20358590811399,6963.5,2.1067178,HIP52469,160.8870411741844,46.2038767755179,27.2115,-269.66,-66.29,3.7,2000.0,5.510257500786423e-06
450,523433578540463488,16.799320738281555,0.0273086194450843,63.94270169812106,4098.133,0.671683,HIP5247,16.7841584992869,63.9413268220948,66.3671,1546.983,319.141,2.763,2000.0,1.6183822006378766e-06
451,832417236660307072,160.88880442586594,0.0390670190632509,48.214891067726654,5329.5,0.7674895,HIP52470,160.8909388145879,48.2141193810765,37.1182,-330.335,179.229,-32.368,2000.0,7.779970234881653e-08
452,776067089642433664,161.33931773576464,0.1687722529361799,38.51241559503183,4100.0,0.5419107,HIP52600,161.3395282827953,38.5117510519221,72.9871,-34.68,148.08,-3.2,2000.0,3.107575146213816e-05
453,2791782794564103808,16.908291923804754,0.0548824030851353,22.95286845275066,4617.0,0.7613379,HIP5286,16.9078099868975,22.95497952914361,48.6871,103.07,-490.315,6.43,2000.0,1.1527759139203825e-08
454,2790213894550349824,16.988587633686734,0.3018735207355117,20.73868086482851,8603.5,,HIP5310,16.9882192296068,20.7390859999918,18.4988,80.02,-94.096,-15.2,2000.0,2.9045558327830392e-09
455,738259665062173440,163.32834383198522,0.4394518507228334,34.21369228094021,4710.0,9.367733,HIP53229,163.32793697291666,34.21487152555556,34.38,92.02,-285.82,15.69,2000.0,7.878481896478581e-05
456,411413822074322432,17.093909516277588,0.257313983960606,54.91341913290611,5630.0,,HIP5336,17.068311267636044,54.92034067207452,132.38,3422.23,-1598.93,-98.1,2000.0,4.058458749173515e-05
457,2576176638895865984,17.0913239988755,0.099494492279279,5.649017185816126,6906.5664,1.6649659,HIP5346,17.092524023756,5.6498403570778,29.8189,-277.361,-191.188,10.9,2000.0,1.0650796574370821e-08
458,3865002247461685248,164.1272146777575,0.0311071671265779,7.388140950784797,5019.7896,0.78768593,HIP53486,164.1283305183821,7.3884746641671,57.7619,-257.01,-77.508,5.461,2000.0,1.1469630946258234e-08
459,2470140321628277504,17.148407984693815,0.2649090794695759,-10.182863067466393,4637.0,12.891128,HIP5364,17.147464511249993,-10.182265820833331,26.32,215.61,-139.02,11.1,2000.0,1.3406204722881082e-06
460,2784924659505377280,17.16789728666671,0.0374647213468442,17.240085477709048,4165.145,0.58521837,HIP5369,17.1681628900545,17.242600079745,34.9671,-58.916,-584.037,-57.42,2000.0,8.202269287672627e-08
461,3988987164339438208,165.01574294498658,0.0473012805218527,22.831741481455527,3612.0,,HIP53767,165.0177373749286,22.8329574036433,148.1283,-426.924,-282.411,3.155,2000.0,3.6143476788692985e-08
462,3816629714434106752,165.1864497878988,0.1312977525417622,6.101343952834498,7971.5,2.2340465,HIP53824,165.1866759582364,6.1014489768671,21.3958,-52.232,-24.393,-11.7,2000.0,1.918305919548975e-09
463,856096765752993280,165.4609539416278,0.6602744962558671,56.38257279783902,4732.6665,,HIP53910,165.46031890416668,56.38242608666667,40.9,81.43,33.49,-13.1,2000.0,2.70277814959836e-06
464,3985219996984723712,165.5823534856925,0.321079954752085,20.180010238558417,,,HIP53954,165.5823990375,20.179840697222225,25.73,-8.67,39.07,-11.1,2000.0,5.585046996817114e-06
465,3789271459953459328,166.1720246191269,0.0500278482395697,-4.221537329044509,5450.5,0.8518266,HIP54155,166.1728014159483,-4.2210880818757,38.1125,-179.926,-104.34,18.777,2000.0,1.996829710616547e-08
466,3818309974359047936,166.25142836075707,0.0441510154345433,7.335792074551134,4265.34,,HIP54182,166.25428143338016,7.336006533409099,34.49,-344.28,-47.65,3.3,2000.0,0.0013474378989467
467,3818309970064649984,166.25278506844774,0.7251095002504907,7.335804297006541,6793.0,,HIP54182,166.25428143338016,7.336006533409099,34.49,-344.28,-47.65,3.3,2000.0,3.4363907231488844e-06
468,3562962623740696576,167.89121089008032,0.5311105795929592,-14.993948540976568,4351.3667,0.76914465,HIP54677,167.8882210039379,-14.9913583731799,45.4075,670.796,-601.588,-11.44,2000.0,8.339055952929631e-08
469,3990320597065664384,168.5277500203541,1.4048586018085163,20.52315626468016,,,HIP54872,168.52708926588556,20.523718139047475,55.82,143.42,-129.88,-20.9,2000.0,2.959305241541624e-06
470,411601907281189504,17.77737841468088,0.2076030051634591,55.14981560543187,8117.0,,HIP5542,17.775676028333333,55.14990201638889,24.42,226.77,-18.75,2.5,2000.0,6.700752708638698e-06
471,3546521385853638912,171.22007760905524,0.2441553459317149,-17.683996288894757,7304.1,2.270928,HIP55705,171.22051508291668,-17.68400832722222,39.62,-97.42,3.65,1.0,2000.0,4.530033278312938e-06
472,3546521385853639168,171.22151360067048,0.0403749749184423,-17.68407648539085,4862.75,0.68095833,HIP55705,171.22051508291668,-17.68400832722222,39.62,-97.42,3.65,1.0,2000.0,0.001373344418041
473,862759874936898816,172.26797146264195,0.0420068153174688,61.77939264152746,6649.5,1.5647767,HIP56035,172.2690128588638,61.7783669173585,29.6178,-114.378,238.233,-9.539,2000.0,2.0480936467876796e-08
474,3592769731134725248,172.67273549427958,0.0557773975861735,-8.094165579982327,3523.6667,,HIP56157,172.6742727661248,-8.0952740381023,74.3878,-353.486,257.449,28.01,2000.0,6.238217194382125e-08
475,863776987616459392,172.80518396965385,0.0186373019240264,63.157643879744576,4113.02,0.64365625,HIP56199,172.8045498276919,63.15753463194661,43.4651,66.505,25.373,-4.36,2000.0,5.081751131723461e-09
476,3980560507224374400,172.92807537790932,0.0456825400011951,22.66728116276549,3889.365,0.5151343,HIP56238,172.9308030361219,22.6671396832185,63.191,-584.765,32.76,-4.777,2000.0,9.023077779357244e-07
477,3800758057928927872,173.590661047659,0.087031520662302,3.059721706146957,6461.0,1.3799645,HIP56445,173.5914526002388,3.0601647626383,36.9527,-183.582,-102.903,4.775,2000.0,4.821992314336635e-09
478,3585098090614578688,174.66714819032865,0.0784449208072321,-13.20139965519447,6211.5,1.695287,HIP56802,174.6667412994698,-13.2019379112929,37.3742,92.006,125.014,-22.65,2000.0,7.447740628082518e-09
479,773861404893710208,174.6834495283004,0.0184003124223267,45.10848230699392,5932.0,1.041428,HIP56809,174.6870840729651,45.10841816611405,43.01,-594.65,15.78,-16.92,2000.0,6.097260604190609e-06
480,3911736954840855168,176.32125587958842,0.2347010225154663,8.258006886460722,7862.25,1.8949698,HIP57328,176.32100113208332,8.258115281944445,26.73,60.08,-24.5,-0.5,2000.0,7.186889215178351e-06
481,3796442680947600768,177.67701770350274,0.541101322420514,1.7635563360562962,6145.5,1.7985557,HIP57757,177.67382599583334,1.7647197275,91.5,740.23,-270.43,4.455,2000.0,3.258233209903381e-06
482,2475331528340199936,18.600709453191985,0.1581610930301386,-7.921628830511822,6419.0,1.6654499,HIP5799,18.6001718872637,-7.9228256022704,41.8304,123.66,277.956,21.846,2000.0,3.869311467757242e-08
483,792588939772065536,178.4583466100838,0.901987077514788,53.69479705775712,5095.6333,,HIP58001,178.45769715249995,53.69475972916666,39.21,107.68,11.01,-11.9,2000.0,7.97296906995266e-05
484,1537396673318780544,180.52641485860272,0.2052091406603104,43.04593884160037,7198.995,1.8411726,HIP58684,180.5282784610967,43.045568877336,28.2032,-316.322,85.924,3.0,2000.0,3.015219021289151e-08
485,3518916943846357376,181.46101575482865,0.0558749407186811,-18.876625963363637,4067.5332,0.68165535,HIP59000,181.4610851932677,-18.8752494157334,42.7177,-15.26,-319.714,33.54,2000.0,3.2619766395052655e-08
486,1536232908980349952,182.7370944289661,0.024297578438366,41.05876213574724,4146.1304,,HIP59378,182.7370445257452,41.0577755891722,45.338,8.74,229.133,55.75,2000.0,4.1252103673452895e-08
487,2468730472844294016,19.101402323002134,0.0311839355228323,-12.097022361246704,5433.5,0.8559985,HIP5938,19.1008130531856,-12.097001484708,39.1027,133.823,-4.849,8.457,2000.0,5.2395204044602516e-09
488,373349657227961472,19.12122598943282,0.0303726502229012,42.93928190737815,5953.0,1.0032609,HIP5944,19.1218865751997,42.9394174103869,41.3391,-112.32,-31.472,-13.025,2000.0,6.814650120123249e-09
489,1575920330941197184,183.02254230888627,0.0216102496706628,58.92646466320061,4228.73,0.66060597,HIP59496,183.0217669636984,58.9263922803666,37.447,92.946,16.811,-9.98,2000.0,4.3370074452292525e-09
490,1693272581363394304,183.0499847628768,0.1550232277763486,77.61632754211587,7053.3335,1.8888946,HIP59504,183.049779385916,77.616243347478,29.7942,10.23,19.555,0.4,2000.0,1.361364103842532e-09
491,1573086442800134272,183.08863752953303,0.0192803477402382,54.48615304453676,4080.79,0.5162329,HIP59514,183.0869151727108,54.4857565546354,65.6078,232.38,92.085,-17.08,2000.0,3.1820126350223524e-08
492,294517800251711616,19.16603779079852,0.0398620483719746,25.33103576936761,4155.445,0.6275557,HIP5957,19.1639939441351,25.3314780820278,41.6867,429.063,-102.736,-23.19,2000.0,6.659580597071911e-08
493,3906361133255335296,183.35767234048672,0.1215114576614294,10.262303756876088,7476.0,1.832136,HIP59608,183.3580786115022,10.2623415833621,19.5001,-92.85,-8.786,2.3,2000.0,2.608586438371647e-09
494,3581001280225616128,183.7941326627989,0.7778891930060648,-10.316772717212324,6325.75,,HIP59750,183.7939887834758,-10.312398726637772,44.74,31.19,-1011.82,4.36,2000.0,1.899997861778956e-05
495,1575287046603149056,183.8573218184246,0.1950703907586667,57.032652093325744,6907.0,3.366844,HIP59774,183.85650263625,57.03261544611111,40.51,104.11,7.3,-15.3,2000.0,5.782071057123828e-06
496,3894474759723667200,183.99187992394155,0.0606312797636282,5.640201897963369,4469.0,0.58280575,HIP59816,183.99299983645147,5.640151460113338,34.5,-337.84,-70.93,31.0,2000.0,0.0004922019316648257
497,3894474755427985408,183.9915475379288,0.0620404502776149,5.639878226914731,4833.54,0.56423366,HIP59816,183.99299983645147,5.640151460113338,34.5,-337.84,-70.93,31.0,2000.0,3.3473176618649505e-05
498,1537992501630401920,185.4763212407956,0.0236165311187578,42.1316644473241,4110.1,0.60328007,HIP60303,185.4753084450491,42.133887453715,62.6959,174.439,-516.306,13.04,2000.0,6.65559283437834e-08
499,2564324345929277184,19.47225743187346,0.046968557258813,5.471199554167128,3935.6099,,HIP6069,19.4718778163839,5.4739307266051,55.2084,87.767,-634.337,-60.65,2000.0,1.471727861000236e-07
