Name,SNR,AMD_resid [Relative],AMD_resid [Photons]
HIP115445,149.4638342347092,0.009994261594084765,223.26618467970522
HIP109980,87.83446052691784,0.014907458144524039,115.00943637813859
TIC158025009,67.20205011419503,0.018956516468780594,85.60981860041015
HIP13601,329.1148373620901,0.010151815903155878,1099.60994055705
HIP4845,60.67989671812779,0.019743026469891605,72.69480796242286
HIP103859,185.7187407979974,0.010356982935220591,357.2273661409772
HIP70218,202.01929706520303,0.013137071305038685,536.1474792190426
GJ1002,8.672152451209348,0.13826991414081777,10.39875870735999
HIP25878,117.54637237364292,0.018925377865738793,261.49477830895904
HIP91430,33.72013290722992,0.036777632988579556,41.81791061739008
HIP96285,121.83871555224913,0.015115248171405749,224.38091048445224
HIP80459,65.78535097074234,0.02177714762035545,94.24523184428301
HIP86032,319.9894849956987,0.01959792926019637,2006.69607213224
HIP19859,293.88349360333257,0.0075269315089835824,650.0823159062845
HIP64241,228.29077238866336,0.007644744516109397,398.4186788421474
HIP76233,180.26513676041188,0.006737060032925118,218.92426588312347
HIP36393,202.85940087518128,0.022780466182613777,937.4602983212294
HIP56802,185.02877732261,0.00771016606852722,263.9625349168409
HIP11000,132.86992416663327,0.014568144947115298,257.19210214232425
GJ144,353.3822072133797,0.009989850410467016,1247.5223733172827
HIP13642,319.74854011590105,0.011943838702636036,1221.1276647542722
HIP115562,80.4206944644507,0.020050610678154394,129.67708592149222
HIP9153,301.5049783222907,0.014794311904927896,1344.8806511906141
HIP64394,320.8556325110446,0.006149674356682824,633.0987475835689
TIC159418353,73.73318672556498,0.01946901685406277,105.8449226427281
HIP19930,255.47036696735984,0.009904660899064013,646.4287672271766
HIP4849,125.70058651880616,0.015552283965221405,245.73600047213563
HIP26366,151.97800326548082,0.013329621942414506,307.8784565280166
HIP86087,82.27931762234321,0.01776079706256602,120.23857330795094
HIP96395,205.90389165252864,0.008691067238605237,368.47007256187686
HIP70400,215.70059589698053,0.01962472304308955,913.0745253507649
HIP76267,256.41619610508224,0.02157899092722791,1418.802806393767
HIP104019,294.09001266087733,0.024097497033013813,2084.166867729332
HIP56809,148.9842463620315,0.009192917303166636,204.04880240553734
HIP36439,182.6836124180101,0.006546892910611072,218.49143587863588
HIP80480,294.81742397043377,0.016658418188798072,1447.904955739411
HIP91605,241.43742314909468,0.00975963449029289,568.9088996349526
HIP13665,322.8827594765436,0.006125317850992471,638.5844547564051
HIP11029,241.93355032619493,0.02732195647515428,1599.2044606664365
HIP11565,100.01733492328344,0.013907868514438164,139.12690769043806
GJ234,34.912776162775856,0.03804505128432645,46.37318679473711
HIP64577,157.51602721032867,0.008886537878817888,220.48654685880655
HIP86141,141.484581204985,0.01638243152609823,327.9416584671086
HIP76315,208.36122690871795,0.011142043974048126,483.725163699726
HIP4856,49.84369336546548,0.03051934398568712,75.8220680109669
HIP104092,165.24057538602997,0.016796331887690967,458.61456648472887
HIP80644,144.01360511087572,0.015334310862560175,318.0323568842646
HIP70475,19.484606315506188,0.06061328414729082,23.011826251146296
HIP57328,312.5507818114322,0.01958104809047925,1912.8332537636747
HIP26624,272.42661712606207,0.00878085388960395,651.6821503849626
TIC160039081,189.35008086874427,0.008276162821726545,296.72901578364224
HIP36850,170.8554790650932,0.02108339777835923,615.458003404774
HIP96441,379.897813408833,0.009271123882133898,1338.0303731353526
HIP19990,193.83455564201523,0.010866035792014882,408.25690345721495
GJ54.1,,,
HIP91608,46.73045258687968,0.023604980908921297,51.54702768193522
HIP110341,259.24428370325256,0.008224999608286746,552.7824724287586
HIP13834,345.2773539806441,0.00789958380942479,941.760347494446
HIP11569,283.0695672141612,0.018307793063241123,1466.9737973873077
HIP64725,263.7322528093123,0.011280812696403835,784.633556074257
HIP86282,72.28864076054974,0.017939525934132342,93.745640338005
HIP76375,258.6103997661105,0.018165525611773196,1214.8983430903502
HIP80725,235.7287362825648,0.010239020326748475,568.9622614803932
HIP70529,74.69742186972971,0.02020589206958955,112.74291365565666
HIP4872,77.38102637072927,0.01852785088146429,110.94149613581628
HIP104139,228.8414328026888,0.021230638262759928,1111.8145858257803
TIC160077104,126.72960900605716,0.009384309580461388,150.71570739232894
HIP57632,159.91557831399666,0.0184976066041161,473.0391491745123
HIP27288,214.8143298038157,0.02052545069741824,947.1509513538527
HIP36915,36.92934207581207,0.030799033850551796,42.002992617766544
HIP96895,232.19911015723665,0.008666909752378282,467.2888048806799
HIP20219,319.91290471245844,0.017722466294586108,1813.79281529033
HIP916,99.03954041899756,0.01702485817742467,166.99394927945448
HIP14286,237.8646932705388,0.00874059767577355,494.5396278065227
GJ628,68.0137270367511,0.02621607867481285,121.27209492653004
HIP115738,314.7934637261192,0.033818755362704324,3351.267019655296
HIP110395,260.3860246555823,0.021382503959527444,1449.7526243163773
HIP64792,280.2736264154416,0.006439309365486019,505.8290368524675
HIP81300,277.45063609361216,0.008980194645969946,691.2851057333725
HIP86287,93.92695409241227,0.017959772860775262,158.44601389902235
HIP70536,51.53344707073443,0.02473735888441934,65.69490917086202
HIP10416,174.3134089815848,0.014633469116344,444.6403670488898
HIP4907,166.43864561425104,0.009490339818412808,262.8997115240044
TIC180695581,59.30386878222249,0.017692592204292663,62.22394185132951
HIP97051,74.50059765057573,0.017320962539869044,96.1372147736955
HIP76568,172.55557868227558,0.007517649683231337,223.84123487539418
HIP5799,282.39710169701635,0.006575500996927457,524.3838625978051
HIP2762,286.95518180926354,0.02245974287533498,1849.4088147196794
HIP20261,188.2816169602233,0.022315700270450777,791.0908445328332
HIP36985,54.07424823804549,0.02030212456367241,59.36390602280155
HIP91919,203.2935586684776,0.01806130201327094,746.4423841467483
GJ65A,18.41509973180499,0.09324466075841133,31.620746879132493
HIP116003,48.63722463670525,0.05522361772949261,130.63586466351234
HIP14293,288.7790011815913,0.019425159714213505,1619.9283954399123
HIP110526,47.775511951588,0.02454100278980058,56.01482763374018
HIP86340,110.78102025275896,0.016296209007193103,199.9941567956298
HIP64797,345.2162846725586,0.008225352943456702,980.250541129205
HIP81348,102.5052983100904,0.014985576603952486,157.45849125345512
HIP104239,277.3412869608941,0.010584049990227433,814.1059623296595
HIP49081,176.77727810634346,0.008921250741183507,278.7909239275256
TIC198456933,122.8765130168165,0.011379867992051014,171.82050105417565
HIP70952,269.91371957650654,0.02834717169881376,2065.188292640039
HIP9716,251.69694000796872,0.008302109564383533,525.949845508599
HIP27654,399.59587006749706,0.015205901532231397,2428.030600632179
HIP76602,363.0940956083216,0.006460314029693656,851.7105026698384
HIP58001,145.81086917754965,0.02113112588201005,449.26484338372046
HIP37288,122.34679713638296,0.014608147514873382,218.66554405692023
HIP20542,245.76068334166573,0.011333476875893011,684.5228891295593
HIP116085,163.11197265988784,0.01063718615285763,283.0078223958834
HIP14576,310.2533679813162,0.020073645567167717,1932.231959453312
GJ687,92.65345432122996,0.02767592221572827,237.58845430100587
HIP91926,211.21265040571373,0.01774375945079803,791.5630147319011
HIP86456,253.8731132223093,0.009258809004380404,596.7446620123402
HIP110640,139.29260281586653,0.011905023223153554,230.98637020229526
HIP81375,281.33830037485563,0.009470138954773541,749.573234214011
HIP104383,93.64467586244726,0.018005525409435275,157.89630982574056
HIP64924,129.42903838228307,0.010158052175420576,170.16643020609234
HIP76779,100.95427794477835,0.013837692337043548,141.0305255358624
HIP49127,29.833652629599896,0.045629581496973215,40.61246433018225
HIP97222,172.08294381135292,0.011693143590014218,346.26367703226754
HIP70956,58.070804917695625,0.02163714377186386,72.96517400016658
TIC21832928,261.8709501476825,0.006965865809564482,477.69396200843573
HIP58684,287.16434210221854,0.026035656852584757,2146.9877275988615
HIP27913,189.9231958253125,0.007519330846818779,271.2284318458532
HIP20635,198.20601779028115,0.025661587142062178,1008.131501897945
HIP37629,141.01041628191868,0.04517296689894553,898.2164505082039
HIP14632,350.9104536550244,0.007173563173201275,883.3392728365724
HIP110750,152.65464511055052,0.013098035398806721,305.2292908597942
HIP116106,125.81757142504728,0.008798422256259127,139.27956347771382
GJ702B,296.8331894900105,0.009515630557614306,838.4216601675415
HIP91973,266.4634918341887,0.017616853561414375,1250.8457975798988
HIP81813,340.20283758829083,0.008574742871809838,992.4233392843549
HIP104521,199.5119264331396,0.024761797021448605,985.6435480717413
HIP86623,187.0055981782364,0.01020914443194919,357.02494703699205
HIP97223,103.84514298080158,0.015417299130417082,166.25728189877552
HIP59000,105.30711398968228,0.01603106620963223,177.77792358289656
HIP76832,20.327229485223064,0.06089815574706243,25.162890106972103
TIC219778329,136.40448792533138,0.0099878472920452,185.83572773744726
HIP65026,132.8490740082284,0.024345635540905654,429.6731141195502
HIP3765,157.03839225050987,0.010519739490068165,259.42789140919155
HIP71075,302.1018557539824,0.018200327169989376,1661.0625280928732
HIP49669,215.6828998350356,0.020871492625561355,970.9233297972548
HIP27922,169.9523183935534,0.010556307347359429,304.9061701633876
HIP20641,189.52494321741003,0.02148354400212052,771.6825436090561
HIP110774,94.20384806489794,0.017469637973790222,155.0319436266735
HIP116215,109.48023118585296,0.01417841026866309,169.9413056765527
HIP81833,276.8650075792804,0.010318406025090737,790.9494936705779
HIP1463,54.62621705818453,0.027634371014007793,82.46161500304041
GJ768,523.4822667423892,0.017883381107478384,4900.64879999324
HIP92161,241.0679324316592,0.017366725939815184,1009.245535665556
HIP104887,285.73907732842565,0.009424151550547957,769.4520082453586
HIP86742,318.82947538613803,0.04540898946383734,4615.925239709883
HIP9727,261.1421745937689,0.014403465204388729,982.2476994913388
HIP76952,193.84662661093049,0.01696894419376535,637.6337800655466
HIP59378,39.338051550689286,0.037332499513125034,57.77138220402813
HIP71181,186.2613880746624,0.014529212140273999,504.06638365185154
TIC229938290,83.16671812046985,0.014191684157164451,98.15966442648904
HIP37826,255.70170762286668,0.012655114149172664,827.4339257810396
HIP65143,50.30360733960293,0.02240114611591607,56.68504540719996
HIP50372,277.8735503082967,0.022127566359227312,1708.551491002778
HIP28103,290.9727136987032,0.0069436148110985875,587.8819820291656
HIP20648,188.64648832828496,0.016568729691752895,589.6396274542549
HIP14668,273.42124773129376,0.014482930820136464,1082.7320134407246
GJ820A,226.97562119573,0.016901398188374078,870.7250930049156
HIP116384,75.96262323929139,0.016234891986796156,93.68052402995498
HIP11090,362.6372531108049,0.013009676464870062,1710.8476165034476
HIP92270,270.0554522049592,0.0062371112899769,454.87219746785837
HIP81919,152.66928600301986,0.02946979321729871,686.8793142163914
HIP86776,55.4772173884913,0.024062622349620966,74.05805374122856
HIP105199,445.68895710391456,0.018934392269258936,3761.102052369797
HIP77052,392.1195023223947,0.008359831272238145,1285.3884630957898
HIP5938,183.14001911532745,0.008645930064913968,289.98679939568166
HIP97295,178.05392222231444,0.00665571799548974,211.0075535548309
HIP38048,170.26916879972725,0.007573687101373799,219.5732300479292
TIC230075227,48.05136030893468,0.02661149429836628,61.444163419964966
HIP20713,256.1596639549248,0.021080183019753743,1383.2346734112348
HIP28368,38.65947342973334,0.02713556406911857,40.55558986018386
HIP71284,179.30030021238113,0.007296568366962281,234.57444070079018
HIP50384,282.55651916640943,0.006917367092712031,552.2700441990096
HIP65327,94.20703829572992,0.014043708397852895,124.63743545001864
HIP82333,89.56043645127993,0.01697242083662336,136.13700576584125
HIP14669,62.07125746606048,0.023007831996901686,88.64551851741444
HIP105341,94.55251052242744,0.01765893755303259,157.87403170181233
HIP116416,92.32304190928076,0.014639201829195625,124.7778819024568
HIP87108,276.0439524276433,0.021163156334428793,1612.6380928125686
HIP92311,98.1446518189558,0.019390195607634022,186.77359044370732
HIP110951,40.03966081870029,0.02507949309928721,40.20680226672655
HIP5944,186.2991090483972,0.0069484718682936856,241.16310090972155
HIP974,149.24652555629226,0.013483746968035297,300.3440642002639
HIP77060,193.9804828697336,0.013320502404680953,501.22956212010916
GJ860A,77.53250365836999,0.02573455977915404,154.69787929939514
HIP50485,260.2084313283776,0.010001756684475222,677.2032196875936
HIP38228,255.025138543365,0.009217058393674012,599.4573966186227
HIP71311,58.37808225936554,0.02072476367413371,70.63000472096168
HIP20842,311.91045953225904,0.01879423427213526,1828.4559966842157
TIC232540264,112.44253577956636,0.011718827842886196,148.1649355897638
HIP10542,175.31494678551013,0.010710064237985477,329.1773647419342
HIP65355,223.8391625768936,0.009938504043003496,497.95851540352294
HIP29277,69.27431152177844,0.023938626889363847,114.87980040723446
HIP1473,236.74118293045785,0.020947723622778844,1174.044239496511
HIP82587,291.67844191260093,0.009218211427811575,784.2514451257383
HIP77070,316.55284566966463,0.04630821362138111,4640.347151616085
HIP92549,290.7778176852775,0.010494739363414456,887.3484662341432
HIP59496,60.44728149662341,0.021086529629822163,77.04751899779367
HIP116584,357.3879645798981,0.01054438455919268,1346.7937200647852
HIP87558,275.8330723264752,0.006569272418730263,499.8157592853842
HIP111169,348.08987564052694,0.020319401202007984,2462.03197586252
GJ860B,97.12663450301784,0.023268364503868717,219.50405084365977
HIP97649,450.6516679002198,0.018011910883616797,3657.98360879955
HIP105668,298.4058621973603,0.018907840422600852,1683.6686661521824
HIP29650,189.6384396502164,0.00784425136473659,282.10075501215886
TIC233541860,61.16441026453057,0.025408643013571285,95.0558953575413
HIP5110,104.5667026949784,0.01583141014524126,173.10373060036287
HIP71395,192.2952391100076,0.01089121356425774,402.7294028624065
HIP83000,247.1206906395891,0.03868693467101788,2362.5583214061967
HIP20901,561.6604689862685,0.0178749669489422,5638.881446922201
HIP38325,288.1259422435786,0.006145807387864924,510.20377912059314
HIP59514,83.4929810275054,0.020053019342767372,139.79115958481106
HIP14862,283.3381130877472,0.020951398628422397,1681.9884711441503
HIP65378,169.59328070231734,0.01885638439940258,542.3450815341888
HIP87585,262.51968490179456,0.03653822475899145,2518.0896709248664
HIP77233,257.93864716851755,0.020232777071538144,1346.1341186578288
HIP116613,254.9071905248065,0.009416175542680361,611.8412015116282
HIP92573,65.46303161556743,0.02094654900978825,89.7645193460857
HIP111313,80.5040388338044,0.019210406957673565,124.50073161103354
HIP29761,190.0054995092248,0.011913313224350065,430.0955043622102
GJ873,48.59348623320697,0.028397517297969393,67.0558216109311
HIP105769,262.1196686689593,0.012894444644585052,885.9350068174134
HIP97650,290.4653106305252,0.026271326838412587,2216.514385260546
TIC237222864,90.7889478771542,0.015074726521825937,124.25543914861966
HIP5957,64.62180106474565,0.01958283675315733,81.7774792608642
HIP51384,275.89261915587286,0.018751357284577306,1427.2921365364873
HIP21029,219.0320703722688,0.01093653968686918,524.6810148080654
HIP15220,40.899952216458566,0.02827782714026223,47.303321489202524
HIP9269,322.2381628450454,0.01107995936955614,1150.5145452577297
HIP83451,134.61033897652513,0.015588688860923879,282.4661592068687
HIP6537,279.37082106773875,0.014195331983655796,1107.9180608302065
HIP87768,120.16630220468164,0.014090623993806643,203.46776764759943
HIP71743,231.89115509760177,0.009099173939180177,489.2945009058019
HIP38712,301.0113259652783,0.008189204515756346,742.005955271428
HIP77257,172.15225223394188,0.009248213544854889,274.0837369346714
HIP116758,305.25519069347945,0.0179014231322678,1668.067701376762
HIP112190,138.4403622023532,0.012889175610220769,247.03050976468185
GJ876,54.13536596256084,0.027823423472177495,81.54037788572367
HIP29800,199.3972790745745,0.007762071189536396,308.6143222363382
HIP105860,279.2976123242016,0.012418649609869572,968.743540531093
HIP97675,299.8374885354565,0.007038461471810214,632.7754199393886
TIC237232044,57.69041585940641,0.02636327470501851,87.74183122346064
HIP59608,332.51177875048654,0.013060784123329935,1444.0536199589756
HIP15411,231.98134564348595,0.00952901935451441,512.8074614692816
HIP51459,318.0328666928545,0.00899444708107131,909.7424892182763
HIP21036,316.85016852903044,0.028049960274723573,2816.0485335967783
HIP38956,26.583267530720583,0.04089289543115119,28.89778701927501
HIP92946,219.39513240063863,0.01854822828574806,892.8045773554096
HIP71914,152.98838772058403,0.010709809441670796,250.6678748825181
HIP65477,203.4892131374075,0.01898144084953049,785.9808427005179
HIP116771,327.5826440333416,0.005962867671393433,639.8776474161874
HIP87938,28.62760600258871,0.03803774070988739,31.173443381492174
HIP112245,180.44930360595745,0.009555124995977273,311.13351356016693
HIP83599,52.62329591723954,0.027864074215875233,77.1615084356986
GJ905,24.96365873639768,0.056182980905038225,35.01234923985434
HIP77349,32.06135113834734,0.043278153007570694,44.48692207004879
HIP2,94.37559563657234,0.02068060278232821,184.1970219436956
HIP98036,157.2803248532298,0.010719297648288545,265.16434413632084
HIP105932,39.36157792223681,0.030095949802975377,46.628672770288645
HIP15457,387.3372011850592,0.007061481113920215,1059.434770079006
TIC255930614,227.26649675408603,0.008298850186558314,428.6361146051909
HIP59774,280.5561963259322,0.02021228868064405,1590.945205715581
HIP3909,170.72571146340994,0.008364889244718052,243.81367324600814
HIP72044,109.15926938996066,0.016598867651577164,197.78789237995318
HIP51502,176.4680748614675,0.026800044089244347,834.5796757167162
HIP100017,295.67757526675064,0.006788953933020642,593.5258489763752
HIP2120,51.17480251645,0.02174745850836006,56.95355816215385
HIP116819,185.5190827869872,0.009927391611241733,341.67431389891
HIP92951,208.93496904315109,0.01830303028997491,798.9972133268603
HIP65515,269.276160085933,0.008188161150504218,593.7207023651771
HIP112496,193.82782711081504,0.01326359898013727,498.30315511891934
HIP88175,142.8268404315388,0.010611475182392232,216.46885534120847
HIP7734,296.2848509300214,0.007892483909892249,692.8394340237553
HIP83601,279.0827715201621,0.007995618299130541,622.7562684921346
HIP30060,253.0902811837853,0.02173712094210257,1392.3645527790466
HIP98204,82.62623657593952,0.016906874857824605,115.4248403121609
HIP59816,73.57122009501767,0.01668925271368132,90.33432581952827
HIP15638,32.18624371789863,0.03098907014723106,32.10325999690029
HIP106231,107.31665756178944,0.042245861360841186,486.53988168897024
TIC257870150,8.189503199003244,0.18894327303415218,12.67204037815901
HIP3998,130.45079217730915,0.014146635966738989,240.7390927620877
HIP100064,261.94149849310344,0.009159812565509235,628.4854129684792
HIP51819,203.0125361738777,0.009471732054142565,390.3688158553594
HIP72220,351.9093677710214,0.021278571104686107,2635.142567814078
HIP116838,169.51792286326244,0.031081969760193534,893.1816210932777
HIP88348,335.9672850168041,0.010532518988768263,1188.8477231945121
HIP65530,282.6978876877664,0.00988351894517444,789.8720129440871
HIP112527,188.8011675265145,0.009837993421377806,350.68394139375056
HIP92984,275.2068646661544,0.007126290607211087,539.7368298756825
HIP21273,175.7948369748988,0.017782684936007945,549.5529780827569
HIP30112,75.72859236872449,0.018912677785980284,108.46079718742436
HIP60303,97.77959335645208,0.015322596104592145,146.4970257585957
HIP77464,258.84336140258165,0.020474861586198816,1371.8133868624273
HIP15648,225.32124636283191,0.019429452010164692,986.4267514745288
HIP98677,184.2510971388637,0.008911324005809861,302.52578712743224
HIP83608,186.93759272607195,0.010761188082343403,376.0568583844696
HIP106400,91.65040508873754,0.01614377084430733,135.60439391805298
HIP40035,291.5603212003264,0.00619494121647829,526.6159754302493
TIC269701147,172.5619369105264,0.010972946987028836,326.7482683773217
HIP100511,265.0456623395297,0.006174393954454181,433.74625508021603
HIP116936,65.34306532849097,0.01768631837733428,75.51555985571116
HIP72237,167.50649765848638,0.015063951763437495,422.6707872376299
HIP88601,197.60450038958817,0.00932753901006835,364.2174392981692
HIP518,361.3991014749137,0.008561227337185302,1118.1759999448484
HIP6069,50.65427514850363,0.022608654226370546,58.010541847655496
HIP15673,137.36976076223982,0.01378290879465493,260.08970741594226
HIP21421,371.8221417265586,0.07314879300503992,10112.945357353594
HIP112748,404.1122347098483,0.010573693430111502,1726.7549622966217
HIP65714,31.71105635217318,0.035805980466844294,36.00617510415364
HIP93101,105.81673380115146,0.01642420499118839,183.9047985695627
HIP7748,90.7979713784692,0.012725138182375273,104.90949540504958
HIP98698,238.41696340130667,0.014831249248226189,843.0474869058557
HIP30419,187.02638621495365,0.023477290548418003,821.2090738695551
HIP83613,194.5025154480656,0.02250534129849932,851.4047094856707
HIP400,172.40814894957475,0.010180776530909449,302.61920285777967
HIP106481,276.177533976675,0.009618747100682236,733.6606075499723
HIP116971,263.29739008391255,0.023516990652612063,1630.3275029406493
TIC274942910,66.08333389776101,0.019957519375990627,87.15462719763731
HIP100859,286.21194820774866,0.011582657767600046,948.8198113486172
HIP60759,136.90858160391872,0.014422892263947525,270.3421115951328
HIP72607,257.2196630860965,0.061262931272313755,4053.2753067930767
HIP88684,288.04434032313065,0.011697600410254427,970.5445484464476
HIP51933,216.7852119610561,0.007065272695685686,332.03834126270306
HIP15797,111.03872967259976,0.012767575596693016,157.41909353111072
HIP77516,244.41357991501823,0.017651980207368103,1054.493959151228
HIP21482,243.67101685084543,0.026084724828569116,1548.7952603007275
HIP65859,131.12628469937863,0.016426816772194215,282.4443719714958
HIP112774,94.22479088998668,0.01853399251235129,164.55055364158488
HIP40875,298.559685393369,0.0074915957015971365,667.7850016756287
HIP98767,201.7194313989266,0.008725011681413071,355.027085884292
HIP93408,206.06028087787504,0.015608336394118282,662.7430642367827
HIP117197,84.96171084418152,0.022038512713032133,159.08483453338874
HIP83762,350.7148642638704,0.006442925555528754,792.4857451505198
HIP30630,237.506644643892,0.030071747788796205,1696.3294376657418
HIP60866,138.35114935317216,0.016975486416999277,324.9284734791545
HIP10670,250.4920626237486,0.021158923730505097,1327.643614037467
TIC287256467,60.62595390277248,0.022823076221268838,83.88636013130696
HIP101027,424.0082903357404,0.009831479337577104,1767.5331473802669
HIP77622,155.2589727932415,0.01434210739522556,345.72149889115525
HIP72659,100.8293732004717,0.011099026578805795,112.83894740259062
HIP117410,105.57299882571628,0.014244101327285161,158.75988306581735
HIP52316,264.7476540264333,0.010549260874751547,739.4116230323127
HIP41307,143.0449523696572,0.020603474006663104,421.5853676402293
HIP88771,221.59077305502817,0.02160003943031104,1060.6153033131914
HIP30756,152.90352126882576,0.014017703214305182,327.72670749515066
HIP98792,225.52213721716987,0.010777405281776765,548.1413585855366
HIP112870,171.121428269199,0.013970413535851125,409.08923806551536
HIP66077,26.07845485837481,0.04115526471655342,27.98911144999206
HIP93747,285.86635897795406,0.0213762565063473,1746.8586009647331
HIP83988,112.5329655477049,0.011964091178460506,151.50928261325575
HIP21547,137.0553076266396,0.02796227748149018,525.2478200384451
HIP16499,215.2920527301229,0.009563433090650414,443.2715118260949
HIP60910,29.51946715372822,0.049107545006695376,42.7922627159104
HIP106811,78.3729179629005,0.01814945371668015,111.47964855702406
TIC298647682,23.677327007265504,0.07895240161008792,44.26196491239411
HIP77655,209.7098698015606,0.014010937472498326,616.1762235662209
HIP101150,71.72383730595168,0.017334345205170774,89.17322523800821
HIP72848,169.19580003652572,0.00840309784324512,240.5573201362335
HIP4151,313.37054057955896,0.0067198428869734836,659.8959344536389
HIP31592,37.98072406353814,0.03491465074325779,50.36561968942422
HIP117463,139.13982927200877,0.011263346061265162,218.05716431666127
HIP88972,261.3353665850166,0.010847030399360077,740.8106736736231
HIP52422,296.1812914785048,0.01982104337622155,1738.768472566796
HIP66252,82.10901113442212,0.014178920325286936,95.59271703248493
HIP83996,108.7176720987094,0.011838084152292242,139.92061713877266
HIP98828,210.7310795554965,0.011714427839083698,520.2094838524856
HIP21589,347.4886520179472,0.024680845563850782,2980.1717062322887
HIP106897,292.2295942271889,0.01892148170241593,1615.859262866238
HIP16846,193.1656169363644,0.037128231430856515,1385.3640496387893
HIP93805,245.99500995320005,0.021466388994200173,1299.0072947109695
HIP112909,43.18791037335555,0.031021357339960358,57.86089929150006
HIP60965,175.50410374030432,0.02062806179008702,635.3791734227236
HIP77660,302.99860122408154,0.018172922168651677,1668.4224069906695
TIC317548889,199.1404686886401,0.0072571284965147346,287.7954097147971
HIP72944,45.27936692728751,0.02553430290293896,52.350965802411565
HIP101180,50.65281866125594,0.025699793402565955,65.93816651638555
HIP31635,79.24456749235736,0.02274468124808721,142.82980842866166
HIP42080,172.37140247333662,0.012960051377929861,385.06775559843794
HIP117559,158.87151860490326,0.012510050724028063,315.75567467463947
HIP107346,91.44589685043964,0.01750916283513248,146.41778374183437
HIP52469,191.8836559020693,0.025342901201558223,933.1088300944318
HIP21594,163.64811357948798,0.026623418939653313,712.9939307942183
HIP89087,117.74919345198823,0.01471989848667499,204.08951659318308
HIP77760,253.6177957638718,0.00848211733643211,545.5866353475276
HIP9884,315.89620773681344,0.021119059583626077,2107.4797004606485
HIP66675,69.3097758742465,0.01992976778242296,95.73951594528931
HIP16852,140.57825264665763,0.008471859428991533,167.42296263408312
HIP84012,308.2136234745513,0.022868984221633804,2172.453739578135
TIC317597583,111.29775572619378,0.011964885828676447,148.21131922928296
HIP93843,263.0403924245761,0.01603512394298856,1109.4742030777459
HIP60994,255.48128027374628,0.0068900357212745185,449.71734824150735
HIP112915,172.49868234324646,0.01795054241092253,534.1326674807483
HIP101262,144.17424743360678,0.013699194558037375,284.75438454704937
HIP73165,179.72923428382484,0.0198149914434021,640.0756961582516
HIP4288,264.21270136482843,0.013926474558784615,972.1842320258638
HIP31703,21.3276914447692,0.0604173239829414,27.48205367817977
HIP107350,187.79682884910824,0.006749450547053183,238.03725233538768
HIP11759,185.2143302893468,0.010038488225423116,344.36379492969303
HIP21683,205.6274695900332,0.0255328866695414,1079.5982701184362
HIP1692,93.36998239949097,0.03865565237963928,336.9981843368214
HIP52470,158.2146052933325,0.009389988044265255,235.04887859680173
HIP66704,249.98339397973012,0.0066374300275578325,414.7842679039171
HIP89348,242.65390372336373,0.006334793124856947,372.99842814737565
HIP98906,29.19711478623908,0.06778739551929157,57.78682354208216
HIP112918,71.00318966000422,0.01872902658826119,94.42150619221087
HIP84123,26.781147586088093,0.041279932818496866,29.60720068504823
HIP78180,250.8491049166809,0.0175026829450396,1101.3611102064774
HIP93871,90.6786532986816,0.020655299984334616,169.84064483534945
HIP61053,289.7681639987173,0.0064174019811671324,538.8409363461551
TIC328350926,87.48549056598078,0.027047011242589635,207.0100090757327
HIP73457,90.95522204355387,0.015728273623427658,130.1176864606885
HIP101955,250.1212303720188,0.021512543892843197,1345.8382963179213
HIP17027,355.04761729502565,0.009947271134680436,1253.9411674250805
HIP117779,91.7524679823893,0.016206089836401694,136.43121655133686
HIP3206,140.9142268755625,0.013202195671616592,262.15361428898944
HIP428,64.04470598913211,0.020357910703909677,83.50253835949049
HIP21818,164.04669120263063,0.012285521902747763,330.6195731395507
HIP107556,292.2112707576703,0.028357866802313676,2421.405274590359
HIP5247,101.29992801102608,0.016155772695600035,165.7852954814021
HIP66781,167.38284513564443,0.010685933694325217,299.38798432597986
HIP84183,303.13906539532314,0.020635891584658634,1896.3000310604007
HIP112935,279.9037728761664,0.008137654782744658,637.5536949749716
HIP89474,272.4761690410971,0.007598876935636755,564.1654165218567
HIP98921,369.5924751077192,0.0076971585786862915,1051.4210677862905
HIP78241,128.09174492209675,0.009976900048680593,163.69593883339567
HIP93873,41.74058271175892,0.02929521157227765,51.04035121806141
HIP61094,134.03407150504214,0.016267606619026976,292.2497055091582
HIP102040,343.984902693781,0.008587430261769512,1016.1129522338113
TIC332064670,11.575087979108002,0.19112512009905117,25.607452313207347
HIP73470,105.57809204805612,0.014032502712972772,156.41656836731178
HIP17147,179.79269203550794,0.012683675186678615,410.00502747083675
HIP11783,285.9043542947318,0.006760231260002678,552.590090172895
HIP42940,156.5005070004767,0.01510316532811515,369.91289775006663
HIP32439,201.5561675361858,0.006770600529963127,275.05489277150457
HIP22044,263.29401860728814,0.013361863544283571,926.2943573910679
HIP107788,306.8550369015881,0.022972039711766763,2163.0475733308
HIP66886,78.6369666376613,0.017691098652982174,109.39772973381822
HIP84223,68.16192063253797,0.02662390596733497,123.69592974477928
HIP52600,98.79786715657124,0.014666633063654164,143.16127746912275
HIP99031,196.14314865838412,0.010347123280207843,398.0759212726893
HIP113357,243.13075989321047,0.007834318254687743,463.1066580779428
HIP61099,253.57238434333203,0.00953791530940096,613.2779787037526
HIP89560,58.26529869260331,0.021805373093204464,74.02586251066423
TIC347332255,124.26072502284512,0.011153127992838078,172.21241326863634
HIP102101,72.44306509710962,0.017549783587921412,92.10122356556793
HIP78286,369.2536576282962,0.023706986395934215,3232.4064319783797
HIP117946,143.8532662369237,0.013367775771202454,276.6295730461678
HIP93899,60.84954339312945,0.026106954891157563,96.66535854857564
HIP17395,227.09090320907288,0.02555909038953534,1318.089405002364
HIP73695,227.23242764155603,0.012070742506189029,623.2676733869164
HIP107975,330.89915972430333,0.007997005543830362,875.626155505825
HIP44127,400.171768539383,0.020932503045456914,3352.077541253694
HIP84521,36.70480993697918,0.032552781928080296,43.856509943527094
HIP32617,185.52593829245785,0.018739699204870473,645.01808129363
HIP5286,132.81391083809473,0.018229010622190414,321.55126928333874
HIP22287,183.4115359073857,0.013685355406444012,460.37250252962406
HIP6706,285.20901566603305,0.027974786367685068,2275.5861309698116
HIP99316,198.05390581701488,0.008816505333973358,345.8305040580256
HIP118162,251.0408975178397,0.008167522490255121,514.7297818307673
HIP113409,71.17946112492814,0.01930631566563708,97.81575115949617
HIP102226,253.89406316907056,0.01025713439491093,661.1974007113104
HIP89825,81.92937051466761,0.01755415578678917,117.83089715755996
HIP94083,202.03878683737625,0.024666820163267753,1006.891493219881
HIP78353,46.29291189163034,0.023183400902092564,49.6828092145628
HIP61317,196.68482630451567,0.007971188636378699,308.3648018648361
TIC352413427,65.42073823767116,0.01748855698482138,74.8488027007274
HIP73996,207.90626056854023,0.008188076477336069,353.92971368113086
HIP17405,55.98482335023163,0.020697154009558273,64.87109903391244
HIP108028,209.1964782301706,0.009809284869697222,429.2853670368097
HIP84862,342.96763667245267,0.00799309423771111,940.202095719259
HIP32769,130.87593458656275,0.016541974334367483,283.3393770060684
HIP4436,233.95740610438847,0.022859837794336115,1251.2576330329698
HIP22288,80.13701988198966,0.016732864538931403,107.45748481937352
HIP5310,249.82199522234828,0.02054815717079071,1282.4316391830139
HIP67090,81.89396920642454,0.022041782722296885,147.8259091650379
HIP99452,242.1742032640192,0.01078130124608642,632.3054720813976
HIP89962,239.12526034846,0.009951009718421177,569.0075934584531
HIP94346,220.4329302935759,0.009259590209471905,449.92975477826815
HIP118310,106.86826778869512,0.015197422552719983,173.5671286557639
HIP78459,203.6149391794012,0.007670121878208157,317.9959162693566
HIP113829,219.65210196680908,0.009164492836869188,442.1597065363353
TIC352764091,126.85158439251212,0.009434509684687889,151.81375648459755
HIP17414,84.14080417227906,0.01641610711071479,116.2207019066982
HIP74190,31.14737935561604,0.036302546159478616,35.21925061837902
HIP102253,347.1379943327653,0.01704965995764823,2054.5656434836455
HIP62207,148.1790447292565,0.009742074346463871,213.90701183764497
HIP108036,304.91321126879694,0.010744361018815101,998.9254461339984
HIP32919,124.37974826049356,0.015684677169138787,242.6470027803334
HIP848,292.13801887175265,0.006791511080544525,579.6189464554119
HIP443,270.0998748293166,0.010467787199191766,763.6663442054074
HIP53229,204.88803154101024,0.013454467164154566,564.8064961098647
HIP22361,191.6196463497089,0.020146497530877033,739.7408867013125
HIP67275,172.84585036465657,0.009866070326542105,294.75563874621236
HIP99572,241.7309850652684,0.0061120257502341345,357.14931287331774
HIP94349,37.22323322599576,0.028958573142374607,40.12410388861347
HIP79119,224.13813555170336,0.010622185686133113,533.636342736968
HIP90035,75.9829612504713,0.015703824553735916,90.66462400444915
TIC356235833,112.70816353287424,0.012258377617774424,155.71976602391862
HIP120005,67.59251291921595,0.017848709378078188,81.54625175273851
HIP113944,59.89509210365628,0.020685899587467447,74.20905247183613
HIP74537,348.2092217466031,0.010042849379815066,1217.6920939179274
HIP102531,237.4946134257575,0.020462516844049934,1154.1614854669685
HIP17609,105.8738989114084,0.017453368413398514,195.6397366110294
HIP108092,67.88141434571187,0.023856519580021423,109.92813244794766
HIP4454,113.83590077250454,0.015383847922066974,199.35332097634188
HIP8497,276.87652898844186,0.032250284445674196,2472.326552605733
HIP62512,168.22380635165018,0.013469272643176619,381.1703006938264
HIP33202,125.22461070013354,0.015060106288629029,236.16058579608315
HIP94376,303.7593989672377,0.011547549178996174,1065.4897352274793
HIP79137,271.0231121947905,0.015899211846355902,1167.8531921003687
HIP90139,347.6103214044068,0.027762204780769108,3354.588700913824
HIP22498,121.77973339926837,0.01451087862064339,215.20073351399526
HIP5346,292.52828221974966,0.02527320272376715,2162.69861838076
TIC357501308,101.48748852517949,0.017538152751470658,180.63789301342928
HIP99655,222.4986745044788,0.01992718344882858,986.5083716889553
HIP67301,340.2671141682296,0.021898194134658756,2535.4103405824158
HIP12097,75.30611074103751,0.021910181863708602,124.25286735133302
HIP17749,102.02632130611106,0.015380128272736477,160.09744951819118
HIP113963,478.2136478277779,0.02034902429430779,4653.583629444889
HIP102532,242.83823464010976,0.021095575997256796,1244.0147278382972
HIP74666,396.87308439498327,0.009607673201953121,1513.2877456990152
HIP94650,202.2234729397468,0.011303552682794022,462.2512475815299
HIP90376,125.58790847014792,0.01684956437039405,265.7567675125705
HIP79492,230.51337703523305,0.009453745459789036,502.33816088934725
HIP108156,217.95112271913456,0.010387093659002445,493.41490976323166
HIP33373,119.56270827869992,0.015668677727462436,223.98752757051963
HIP85042,338.53105239770844,0.008784012494371786,1006.6765857709462
HIP62523,161.26442219903154,0.009106208150055443,236.81799666946304
TIC377064495,96.03156842304026,0.014039550552045414,129.47360752143436
HIP22715,146.73974074418925,0.014512871202215833,312.4991467730034
HIP44901,284.75934878200223,0.015278730102351354,1238.919935745829
HIP53486,128.00283047407584,0.011231204172293,184.02018739468025
HIP67422,162.7692270948735,0.012979762073999923,343.88349676309826
HIP18280,105.3715750249667,0.017607236491588418,195.49611927685905
HIP99742,210.38323360113264,0.020632373935634864,913.2116687614234
HIP90626,141.55787192351977,0.01277716081771611,256.0368121765048
HIP94779,362.46679535424346,0.01002599287972995,1317.236778488253
HIP79607,278.4083809128238,0.023352367917018186,1810.0706803868522
HIP10279,67.37234565446252,0.02488084745979096,112.93498666745259
HIP114189,336.065057178294,0.010555646809419067,1192.1518231131051
HIP12447,282.64728426908243,0.00862671195587851,689.1835952803486
TIC37749396,80.88311962657811,0.021622363759117066,141.4552127551769
HIP34115,26.86586872490353,0.04386171970403254,31.65828845600695
HIP108506,335.98912684694875,0.017732369963664348,2001.784075363105
HIP22845,321.05951611909126,0.02134530091818139,2200.2568175596866
HIP5364,251.1820551008521,0.03607884501315044,2276.30181603216
HIP85157,354.3263965787759,0.011563206957370962,1451.728202315913
HIP6290,61.11357374989925,0.02713093121306445,101.33047112033098
HIP45038,350.42251840635186,0.006648678662753495,816.4307555004718
HIP74689,286.19396114949296,0.019056879217384713,1560.8914896843564
HIP6748,252.79712368258365,0.027494367807323276,1757.065674832372
HIP90656,226.8448122564328,0.02146136211864256,1104.3709801466664
HIP18512,194.60819010578663,0.013870548327830634,525.3102284544173
HIP99764,64.25089295950485,0.01862111247743672,76.87125282630689
HIP9487,448.94381260353725,0.025961671799051105,5232.589148888
HIP79672,203.4963576532145,0.008169483393467169,338.3045780402137
TIC406672232,145.37724028260922,0.011404697500232274,241.03305822685567
HIP114233,45.34496042330411,0.02842185753472608,58.440041083880146
HIP12706,291.326715017371,0.01981318560075865,1681.5699251624415
HIP102805,290.22937790112667,0.006225163774248565,524.3647916468515
HIP23147,127.23850832388864,0.01844220103313348,298.57255865866
HIP3419,340.2452699891653,0.01629008635548199,1885.851881789068
HIP67691,105.71128941122784,0.015202836659486765,169.88982529659344
HIP5369,63.2882258886502,0.020339118322322523,81.4662950935814
HIP1086,248.80970742278623,0.009703362167617836,600.6989631838317
HIP85235,211.90205395123,0.010124824310196873,454.62972583813274
HIP45493,306.3624442806673,0.018600761918467056,1745.829331243912
HIP62956,193.96254974382296,0.021264146930111496,799.9884807581357
HIP95319,268.13563862926725,0.010548603388938227,758.4099916625233
HIP74926,64.30115322188291,0.028227229716244227,116.7093852475629
HIP90790,263.0281981229627,0.009943012826558826,687.8957389871769
HIP79702,95.20257877735968,0.017138001356462786,155.33080667276047
HIP99770,197.970413617714,0.020703840089280546,811.4307944991788
HIP18907,175.4187567917838,0.021577934394182104,663.9905919721588
HIP23179,315.13551307582344,0.02226038675725674,2210.687726065408
HIP34950,162.6963867386504,0.01174463152587578,310.8817384058384
TIC407966340,206.4395305777366,0.006179855614044905,263.3686357356248
HIP12777,320.4451615526438,0.00732405774138464,752.0716130237166
HIP114379,293.7056316226759,0.008336072793374848,719.0946310934993
HIP102843,209.87519193893843,0.010449546567969634,460.2774076092049
HIP677,314.209424588124,0.022063176164380974,2178.2436037174452
HIP74995,61.59198809948316,0.02782127612418687,105.54204187592156
HIP85295,147.28869265620833,0.012566602576824617,272.6193608745742
HIP53767,89.69586742326817,0.02112572124543377,169.9637925391288
HIP108752,54.06447849071196,0.060045673399265594,175.51157194530353
HIP45688,226.9189082425013,0.019987346872503586,1029.1922811026195
HIP90959,126.58166714430352,0.015078954336137282,241.60885574522433
HIP63076,171.2012133974231,0.016973174411302163,497.4812888411546
HIP95501,424.8272431511867,0.010986284715620562,1982.784742105343
HIP79755,142.72337635511263,0.016264412663998865,331.30547049105655
HIP99880,70.62175393535797,0.018767884092609228,93.60354811506673
HIP18975,278.15074319063035,0.00920355262987957,712.0589499106636
HIP67808,127.650218837026,0.017800406005150402,290.0501106534429
HIP102870,80.56926898323074,0.02126911163019539,138.06646234248709
HIP23497,136.07436716162783,0.025961559712454597,480.7102990232821
HIP7513,236.75628209062373,0.006230359989357431,349.23371486821077
TIC408618999,43.77228854685241,0.029338846020618176,56.21361755763234
HIP114430,253.7988445907999,0.006863352613782587,442.0949898902788
HIP35191,39.85872688798351,0.047650755061137175,75.70361747938752
HIP12781,76.62196510863824,0.024611088775253184,144.4898695867003
HIP95730,113.54039700886062,0.015529032143206807,200.191302772878
HIP108782,122.4740037387399,0.016173682911831706,242.6033285807451
HIP8543,290.7544553748274,0.010399736437264686,879.1745134243417
HIP90979,66.78939559733875,0.018841956330367046,84.0506390268272
KIC3542116,32.784087168319346,0.03640746679212514,39.13061320222511
HIP63121,303.6806569510972,0.03503073646984139,3230.602526139521
HIP79762,47.36997004959999,0.025221359663090442,56.59456362337899
HIP45836,255.24276319626085,0.0076541277232904026,498.65775795554555
HIP53824,256.026126482057,0.02427374350282512,1591.1287747825704
HIP19076,347.39763836362647,0.008315977854347918,1003.6147781228005
HIP68030,357.8767709744864,0.006584210746031126,843.2779480723877
HIP103039,35.64420997286717,0.04482332157195578,56.948465049121275
HIP75201,101.27465520125364,0.014696569041184392,150.73618023566152
HIP95853,382.33770556113086,0.018978444408908557,2774.3092587540586
TIC417931607,74.31731941373928,0.021698949256073644,119.84468471119433
HIP23783,177.75305739722876,0.007964103346127896,251.63499927328812
HIP114456,175.60507977552572,0.010187560290765374,314.1552641327601
HIP85582,114.69138808974772,0.030394453188415847,399.8121174646761
HIP35350,262.022732047002,0.020270994773578754,1391.7236355444288
HIP12828,223.36074512084144,0.010133476369743996,505.5593636939151
HIP108917,253.6401682717812,0.013406511469592526,862.4855930309463
KIC8462852,75.90629342063394,0.019203466963126924,110.6458711406204
HIP91009,177.72863658318755,0.04694359993177762,1482.8294729358443
HIP63467,115.02085408742192,0.018953796506519932,250.75487779134468
HIP75277,271.12282895194613,0.008672948544890228,637.5275316692305
HIP7981,189.4258337301832,0.010098708062622065,362.36332200594745
HIP46343,74.61131296566853,0.017380149514803715,96.75265095656106
HIP19205,200.94074890452785,0.009573766036958555,386.5617183072598
HIP53910,216.7137672913139,0.02160413971294511,1014.6353307918308
HIP103096,217.8471995315753,0.01757683686300048,834.1510189378722
HIP6813,200.29766910775567,0.007521458273010223,301.7545596827575
HIP85665,110.32338052750026,0.0182631926253853,222.28585203020825
HIP12832,283.91928629949126,0.023887123472891097,1925.544872149134
HIP9598,237.0424498837181,0.019812969911492666,1113.2734042809013
TIC440100539,56.6517887705096,0.026771099247791946,85.91983977848423
HIP35643,284.55334208578097,0.028614953100541816,2316.9700500664753
HIP114570,316.9667581644012,0.027533685069087897,2766.252228005432
HIP23875,169.88823302027131,0.019713248176100966,568.9639998732566
HIP109378,207.03499406991864,0.011433439096601555,490.07708831431023
LHS292,6.080763325128994,0.2541370312234709,9.396890207550967
HIP910,271.3510954320758,0.007185877861658573,529.1063692866998
HIP63503,316.27597781150723,0.009035781942590658,903.8537326642785
HIP7535,261.45660565498247,0.010972778797657238,750.0942937234997
HIP46706,44.02458683060488,0.05081232550614501,98.48263253207709
HIP79822,225.9206943957326,0.01301358109640922,664.2152633670834
HIP85699,353.37757283729115,0.01099491037625346,1372.99722845431
HIP68184,258.5461889797208,0.018681963483939298,1248.816994001571
HIP12843,292.3834570174927,0.00717055216300183,612.9967795300566
HIP53954,71.70896881489855,0.02395143411532151,123.16249466716854
HIP19255,312.15724171431214,0.0087548549349207,853.0918313690058
HIP103388,25.21310055215592,0.03862484816569648,24.55383295274342
HIP96085,216.0745065545968,0.009740755161866654,454.7782509511108
HIP114622,192.37057337337225,0.016535680465545686,611.9266256681826
TIC459942762,164.9945637125281,0.008819756236816328,240.10204138697367
HIP35821,49.67885667010492,0.021303341900413195,52.57640921383079
HIP23941,193.20033800557584,0.00688096981419722,256.84162940976375
HIP109388,65.8535997060015,0.025901652738860702,112.32760921776028
HIP63608,230.96932396593547,0.011241620634131864,599.7048093045654
TIC119584412,43.712971216094,0.029148956910581413,55.69852214137227
HIP75458,290.5575156864386,0.038920575146281874,3285.817789319203
HIP91128,71.14620103270953,0.02153417588240156,109.00130217350133
HIP46733,389.93990672842784,0.021270207940103945,3234.2017113227166
HIP85810,165.27061585425204,0.009758044356676184,266.53489711889927
HIP79881,154.08216469326518,0.017495951176117477,415.37686144284305
HIP13081,319.52241277510564,0.009932121444534878,1014.0156905700119
HIP19335,157.8521206452023,0.00866537378114277,215.91764872618157
HIP68337,98.20584348862596,0.0159667216343199,153.9892536645145
HIP54155,310.9936051769192,0.008504281007029256,822.5087371709942
HIP103441,25.463637212078705,0.04804917597157417,31.154932906873665
HIP35872,172.4583594442076,0.014722340223052488,437.8701607716344
TIC468880077,74.48501620567828,0.01871550021491589,103.83392531805933
HIP96100,271.4159882392248,0.009965945606977509,734.1577140527655
TIC138819293,38.79974912581991,0.028544963568709357,42.97217424799426
HIP114886,269.0723212493251,0.0098330469011902,711.9117506187318
HIP24332,214.2929758349244,0.00797090846154564,366.03590945098165
HIP109427,372.1447695349049,0.02076487050656629,2875.762829135698
HIP75722,321.7980520887673,0.010142695079281863,1050.3165075703132
HIP63742,315.1422685297269,0.010791756963991987,1071.7795594406361
HIP85819,237.198045096616,0.014040353455818643,789.951179324933
HIP47080,173.84893484987907,0.010524305824119286,318.08085347078736
HIP79882,267.5175154896404,0.010480091580627808,750.0142630869806
HIP91237,268.7542450609501,0.0095024956857842,686.3542807634394
HIP13402,351.58649640326774,0.008506255627264488,1051.484325107839
HIP96183,255.25578661719405,0.008529328047478555,555.7327751976866
TIC75878355,166.3229119368593,0.016712307886000397,462.31777116572084
HIP103650,113.19035955026024,0.017140632493789384,219.60676901310217
HIP36046,135.6308970492159,0.013716057643214749,252.31703344429243
HIP19337,98.82945527760816,0.019659982527940448,192.0241851368488
HIP68469,118.46987519249356,0.018991615305907907,266.5494351193374
HIP75761,193.5844403532345,0.017374205127051772,651.0972173144607
TIC142276270,129.50182208690396,0.009876548558102863,165.6368494351273
HIP114924,206.8615790586184,0.00789714892856198,337.9325296055396
HIP54182,212.04274678668864,0.011346746687214405,510.1738595150961
HIP63762,175.29789656200242,0.014549829252808252,447.10683249271636
HIP24340,187.9539504772379,0.022428648372570272,792.329852105175
HIP109474,305.0362091083409,0.009925086176010787,923.5003754337757
HIP80008,276.7279360417692,0.007325436317802083,560.9698305396175
HIP85922,350.8534349447074,0.019247312698510446,2369.308254844946
HIP47990,144.92047590294996,0.010423155392837035,218.90652936518768
HIP91262,540.250603742143,0.021423828531926876,6252.9881483034005
HIP96229,300.3345481630652,0.03893418918331526,3511.896600992164
HIP7576,320.3577102240556,0.009418478991704898,966.6096690946198
TIC142387023,104.83961138906866,0.01347959907604443,148.158911993366
TIC82308728,163.20623351515445,0.010869439918346931,289.5213870459237
HIP36121,67.90393236596626,0.020086953741373675,92.61981944997399
HIP6379,311.13698217937304,0.009339719300349816,904.1429370157133
HIP54677,107.17601637646422,0.021500926690340507,246.97466206858672
HIP68634,192.29000315279004,0.010549201163095472,390.06141069660896
HIP114971,405.31294935403,0.010470006880892354,1719.9979353735107
HIP103800,32.44862201509813,0.03512751005160108,36.98621447372867
HIP194,346.5853238652064,0.009429804010717635,1132.7211342534297
HIP24454,77.0290127876189,0.017635854339680405,104.641791680451
HIP80093,130.51721405263945,0.016148093268149734,275.0786214122679
HIP109555,49.59836245879243,0.02684773853136107,66.04537124091135
HIP96258,347.0305310100611,0.006360518890321505,765.9984949816015
TIC143350972,79.19701070057032,0.016885851776031267,105.91087389954846
TIC85031598,36.60254967985709,0.041277537972051255,55.301442932101516
HIP75809,241.0720016114221,0.008115951509665901,471.6642839927869
HIP24874,124.01939289664791,0.012595527947061156,193.72941986637736
HIP6917,191.2226440811208,0.029870860903498754,1092.260875215111
HIP36152,215.8715065130615,0.025686327170966396,1196.9958774629015
HIP63894,156.48437343984023,0.012918340415717986,316.33604113437923
HIP54872,258.82411755500107,0.007526883018098615,504.22532004562305
HIP19554,335.02770990807613,0.008033078321894848,901.661360070199
HIP115147,193.3633465501218,0.017907449112540153,669.5484875518767
HIP80179,220.3416536561744,0.00963643959148911,467.85342398321654
HIP109638,38.35524855287389,0.03521928367638426,51.81197192284258
TIC156199502,61.49623803518772,0.026990338717023346,102.07171997978223
HIP69414,311.7702526375592,0.009070321272865714,881.6414901416176
HIP63942,154.73337230186075,0.013091527102895377,313.44279456969616
HIP19655,127.261159950832,0.016137807817694843,261.3582984334723
TIC88840705,108.82672625626596,0.027534529422337528,326.0984903608234
HIP75829,288.74505373198605,0.00837597967296403,698.3364671737188
HIP25110,303.6209988414833,0.005970263283928786,550.3729653130296
HIP80331,313.9369214109739,0.010973089999089159,1081.468144313487
HIP115331,211.6354137186018,0.0078106267829841855,349.8344458609541
HIP5542,282.29721531293484,0.022592692653452543,1800.4504866809534
HIP109822,153.37894838158405,0.012875997905060985,302.90916157864507
HIP76219,242.8934087368624,0.011311276026826286,667.3337045884614
TIC8967242,95.28077789219704,0.011516778894989416,104.55423227822477
HIP115341,145.46581210110634,0.01624290820695247,343.70485098022414
HIP69483,236.6844591499936,0.01995166252826301,1117.682821459568
HIP19719,241.20232487154323,0.00986458891027313,573.9075928197449
HIP25278,309.9136913622081,0.007675475918064766,737.2025677820735
HIP55705,132.53007839614185,0.018506568117626254,325.0534649482268
HIP109857,405.7721721164014,0.020303325514386558,3342.9639794348586
TIC94986319,75.9252023542846,0.019080036672459996,109.9894730098419
HIP69562,81.11514800780509,0.04406479720193472,289.9317024250137
HIP109926,237.8462361090669,0.009815853473518868,555.2909980937976
HIP19855,176.6703763368381,0.007341276368886403,229.13901512665745
HIP25486,178.32541630839532,0.012566640974545728,399.61860620137
HIP56035,360.61448479037136,0.006242896806164709,811.8438222414528
HIP69673,348.1668343355668,0.02669521142840014,3235.9973876429362
TIC98796344,36.3747061491433,0.03712350898777406,49.118829274106716
HIP56157,19.33145850507276,0.06851305949012851,25.603692623953155
HIP2552,62.71059831180851,0.02035183256334586,80.03600628540924
HIP69713,137.65181249941827,0.01843700086293459,349.3446884583223
HIP56199,77.85439893854445,0.017329651606598453,105.04034611312714
TYC2037-1484-1,39.616753041889126,0.023816480710944676,37.37965975723474
TYC3010-1024-1,40.29815787750493,0.02398636902789683,38.952460778017574
HIP69732,218.65863270461105,0.020660805899068078,987.8261389001195
HIP56238,56.78380125924311,0.019196001248133886,61.895588064766706
HIP69824,92.47274461209504,0.019731910254145276,168.73167860940643
Vega,568.1522803543738,0.021056466960589472,6796.964653358775
HIP69989,206.65388249059703,0.008488973100193711,362.52861788460075
HIP70016,330.28343947377226,0.009495276803372747,1035.8126886501702
